ChainId,Name,Symbol,Decimals,TokenAddress
1,Wrapped Ether,WETH,18,0xC02aaA39b223FE8D0A0e5C4F27eAD9083C756Cc2
1,Tether USD,USDT,6,0xdAC17F958D2ee523a2206206994597C13D831ec7
1,USD Coin,USDC,6,0xA0b86991c6218b36c1d19D4a2e9Eb0cE3606eB48
1,ERC721Pepe,MCPEPES,0,0x3Cf314571Da3e56EAeE61aF2B30af56f75D3A602
1,Blur Pool,,18,0x0000000000A39bb272e79075ade125fd351887Ac
1,Prime,PRIME,18,0xb23d80f5FefcDDaa212212F028021B41DEd428CF
1,ApeCoin,APE,18,0x4d224452801ACEd8B2F0aebE155379bb5D594381
1,Meta Masters Guild,MEMAG,18,0x6E39A587691b8c9D4341cE0A960998ED6F537AF6
1,Base Introduced,BASEINTRODUCED,0,0xD4307E0acD12CF46fD6cf93BC264f5D5D1598792
1,Livepeer Token,LPT,18,0x58b6A8A3302369DAEc383334672404Ee733aB239
1,Dai Stablecoin,DAI,18,0x6B175474E89094C44Da98b954EedeAC495271d0F
1,ZigZag,ZZ,18,0xC91a71A1fFA3d8B22ba615BA1B9c01b2BBBf55ad
1,HEX,HEX,8,0x2b591e99afE9f32eAA6214f7B7629768c40Eeb39
1,AIPAD.tech,AIPAD,18,0xE55d97A97ae6A17706ee281486E98A84095d8AAf
1,MegaPunksPOP,MP,0,0xf7479F9527c57167caff6386DAA588B7BF05727f
1,Copium Wars Slayers,!SLAY,0,0x3853Ec5742DF47A6d7bAFEb19C4716a9eEdf8fC4
1,MG Land,MGLand,0,0xE75512aA3bec8f00434bBD6Ad8b0A3FbFF100AD6
1,SHIBA INU,SHIB,18,0x95aD61b0a150d79219dCF64E1E6Cc01f0B64C4cE
1,Matic Token,MATIC,18,0x7D1AfA7B718fb893dB30A3aBc0Cfc608AaCfeBB0
1,XEN Crypto,XEN,18,0x06450dEe7FD2Fb8E39061434BAbCFC05599a6Fb8
1,McPepes,PEPES,18,0x6BF765C43030387a983f429c1438e9D2025B7E12
1,X2E_SIDEKICKS_Ropi,ROPI,0,0x051D93C5CCaF5DBd11bf3c747F935C1E1c310b1D
1,,,18,0x9f8F72aA9304c8B593d555F12eF6589cC3A579A2
1,ChocoLAG,CHOCOLAG,0,0x015E478e48Fa71F41A2F2Da42a63fC48feBE366d
1,SingularityNET Token,AGIX,8,0x5B7533812759B45C2B44C19e320ba2cD2681b542
1,pegpe,pegpe,0,0x3aeFB494b075c1Fd59eB27F4E047f3CB4Fc83573
1,Blur,BLUR,18,0x5283D291DBCF85356A21bA090E6db59121208b44
1,Fetch,FET,18,0xaea46A60368A7bD060eec7DF8CBa43b7EF41Ad85
1,Wrapped BTC,WBTC,8,0x2260FAC5E5542a773Aa44fBCfeDf7C193bc2C599
1,PAWSWAP,PAW,18,0xDc63269eA166b70d4780b3A11F5C825C2b761B01
1,None by Pak,NONE,0,0xcfEE0BD0f25044E70E508f5C3280227c5578819B
1,ChainLink Token,LINK,18,0x514910771AF9Ca656af840dff83E8264EcF986CA
1,Angels & Demons,EDEN,0,0x423d30f21013DfAaF14d3218dB9588D9EB95C126
1,BONE SHIBASWAP,BONE,18,0x9813037ee2218799597d83D4a5B6F3b6778218d9
1,XMON,XMON,18,0x3aaDA3e213aBf8529606924d8D1c55CbDc70Bf74
1,Mind Maze by Easel,MAZE,0,0xf1BE5fad97bF59315AA0DA371ad08C73006499ea
1,Curve DAO Token,CRV,18,0xD533a949740bb3306d119CC777fa900bA034cd52
1,Binance USD,BUSD,18,0x4Fabb145d64652a948d72533023f6E7A623C7C53
1,,,0,0x57f1887a8BF19b14fC0dF6Fd9B2acc9Af147eA85
1,0x Protocol Token,ZRX,18,0xE41d2489571d322189246DaFA5ebDe1F4699F498
1,Mineable,$MNB,18,0x42b91f1d05afeA671a2dA3c780eDa2aBf0A2A366
1,Baby McPepes,BPEPES,9,0xfC1406B4DcA60665ED17fA81862fb9B9466cfF35
1,Gala,GALA,8,0x15D4c048F83bd7e37d49eA4C83a07267Ec4203dA
1,Eggs,EGGS,18,0x2e516BA5Bf3b7eE47fb99B09eaDb60BDE80a82e0
1,Binance Ai,Bicasso,9,0x94398389353bb00aF45a3751f10344797AC15B1D
1,Hedron,HDRN,9,0x3819f64f282bf135d62168C1e513280dAF905e06
1,Opepen Edition,OPEPEN,0,0x6339e5E072086621540D0362C4e3Cea0d643E114
1,LQTY,LQTY,18,0x6DEA81C8171D0bA574754EF6F8b412F2Ed88c54D
1,Goerli ETH,GETH,18,0xdD69DB25F6D620A7baD3023c5d32761D353D3De9
1,1INCH Token,1INCH,18,0x111111111117dC0aa78b770fA6A738034120C302
1,SlothItem,SLTI,0,0xfAE2141d165a7698b5236D10A961E2fBF2Fcc2d7
1,Dash 2 Trade,D2T,18,0x4Dd942bAa75810a3C1E876e79d5cD35E09C97A76
1,Utopia,UTOPIA,0,0x5f076e995290f3f9AeA85Fdd06d8faE118F2b75c
1,tehBag,BAG,18,0x235C8EE913d93c68D2902a8e0b5a643755705726
1,Dot Names,DNS,18,0x6C5Aa4244113E77414386630B7F963dbE1B4d73D
1,Liquid staked Ether 2.0,stETH,18,0xae7ab96520DE3A18E5e111B5EaAb095312D7fE84
1,Graph Token,GRT,18,0xc944E90C64B2c07662A292be6244BDf05Cda44a7
1,Beanz,BEANZ,0,0x3178A774f0f52a72d225e6541435ABD2d1086678
1,Quant,QNT,18,0x4a220E6096B25EADb88358cb44068A3248254675
1,Croods CoinEth,CAVEMAN,9,0xa36f00b6af88859a89dAdC33DA24A2F47d4B4d25
1,Lido DAO Token,LDO,18,0x5A98FcBEA516Cf06857215779Fd812CA3beF1B32
1,Flur Alpha Pass,Flur Alpha Pass,0,0xA97AD3ce4d36B9D782CA7A2D45b25A052C44DCE6
1,Illuvium,ILV,18,0x767FE9EDC9E0dF98E07454847909b5E959D7ca0E
1,MAGS – Moe Anthro GirlS –,MAGS,0,0x1aA210783A6098b29CbDA1844E5E696C671F5bab
1,BoredApeKennelClub,BAKC,0,0xba30E5F9Bb24caa003E9f2f0497Ad287FDF95623
1,dYdX,DYDX,18,0x92D6C1e31e14520e676a687F0a93788B716BEff5
1,Miratashi,MIRA,0,0xf385BB1b74FEDD5BF572D41131D64B5C7826209C
1,McWagies,WAGIES,9,0x86B8f1d5ddF81d111881080f681A5766D7Ef4b38
1,SAND,SAND,18,0x3845badAde8e6dFF049820680d1F14bD3903a5d0
1,Frax Share,FXS,18,0x3432B6A60D23Ca0dFCa7761B7ab56459D9C964D0
1,Artificial Liquid Intelligence Token,ALI,18,0x6B0b3a982b4634aC68dD83a4DBF02311cE324181
1,Sharedstake.finance,SGT,18,0x24C19F7101c1731b85F1127EaA0407732E36EcDD
1,VERA,VRA,18,0xF411903cbC70a74d22900a5DE66A2dda66507255
1,Rocket Pool Protocol,RPL,18,0xD33526068D116cE69F19A9ee46F0bd304F21A51f
1,SUDO GOVERNANCE TOKEN,SUDO,18,0x3446Dd70B2D52A6Bf4a5a192D9b0A161295aB7F9
1,LooksRare Token,LOOKS,18,0xf4d2888d29D722226FafA5d9B24F9164c092421E
1,Synthetix Network Token,SNX,18,0xC011a73ee8576Fb46F5E1c5751cA3B9Fe0af2a6F
1,chiliZ,CHZ,18,0x3506424F91fD33084466F402d5D97f05F8e3b4AF
1,Convex Token,CVX,18,0x4e3FBD56CD56c3e72c1403e103b45Db9da5B9D2B
1,PowerLedger,POWR,6,0x595832F8FC6BF59c85C527fEC3740A1b7a361269
1,SSV Token,SSV,18,0x9D65fF81a3c488d585bBfb0Bfe3c7707c7917f54
1,SnipETH,$SNIP,9,0xFa53a3E978623EA3025aB1F80cd45c56C0F49D84
1,Singularity Dao,SDAO,18,0x993864E43Caa7F7F12953AD6fEb1d1Ca635B875F
1,Uniswap V3 Positions NFT-V1,UNI-V3-POS,0,0xC36442b4a4522E871399CD717aBDD847Ab11FE88
1,Uniswap,UNI,18,0x1f9840a85d5aF5bf1D1762F925BDADdC4201F984
1,Rally,RLY,18,0xf1f955016EcbCd7321c7266BccFB96c68ea5E49b
1,CircuitsOfValue,Coval,8,0x3D658390460295FB963f54dC0899cfb1c30776Df
1,Frax,FRAX,18,0x853d955aCEf822Db058eb8505911ED77F175b99e
1,BoredApeYachtClub,BAYC,0,0xBC4CA0EdA7647A8aB7C2061c2E118A18a936f13D
1,McShibas,SHIBAS,18,0x5b464114a00b382272A7f2aBd5316BAb42FE43DC
1,Aave Token,AAVE,18,0x7Fc66500c84A76Ad7e9c93437bFc5Ac33E2DDaE9
1,BBBs,BBB,18,0x880a0CA6CB1b04fE1A597882271cc87C77693497
1,Wrapped liquid staked Ether 2.0,wstETH,18,0x7f39C581F595B53c5cb19bD0b3f8dA6c935E2Ca0
1,The Real Vision Collective,RVC,0,0x4344cb95bCb0d9e7296D0DE2ff329Bfc8D0A84fe
1,Shibarium Bridge,SHIBRIDGE,9,0x0D91E0Ddc9Ac5DE7e9C02bd6FF2bfE7Fa6De4779
1,Flokarium,FLOK,18,0xB56c2D22D4cfACF2618e7FdD7668a1e74DccD838
1,FLOKI,FLOKI,9,0xcf0C122c6b73ff809C693DB761e7BaeBe62b6a2E
1,All In,AllIn,9,0x9B2b931d6AB97B6A887b2C5d8529537E6FE73Ebe
1,JustChill,justchill,0,0x5de20fbFF7E77961FE25B488d2a1A01bDC669C59
1,Poko Bear,POKOB,0,0x458Cc7B5e97412E8e464Bd72aA854514Ec74bD3c
1,Dejitaru Tsuka,TSUKA,9,0xc5fB36dd2fb59d3B98dEfF88425a3F425Ee469eD
1,Capsule Coin,CAPS,18,0x03Be5C903c727Ee2C8C4e9bc0AcC860Cca4715e2
1,Republic Token,REN,18,0x408e41876cCCDC0F92210600ef50372656052a38
1,Trillant,TRI,12,0xcC06579a4CD31B79d5277ED637EDBfeB7BB2686a
1,Dont Buy Inu,DBI,18,0x2dE509bf0014ddF697b220bE628213034d320EcE
1,PxCards,PXCARD,0,0x41ff40C4A06FcE58F9b82E7e9959F58C65aCB3F1
1,Pendle,PENDLE,18,0x808507121B80c02388fAd14726482e061B8da827
1,Angry Cat,Angry Cat,0,0xDCf68c8eBB18Df1419C7DFf17ed33505Faf8A20C
1,MutantApeYachtClub,MAYC,0,0x60E4d786628Fea6478F785A6d7e704777c86a7c6
1,Dogerium Network,Do.net,18,0xe958221ffB84c7E64E101A44F81F677963198Be9
1,PRIMATE,PRIMATE,18,0x46e98FFE40E408bA6412bEb670507e083C8B95ff
1,LegendsDAO,LegendsDAO,0,0xE7a79F72A6197ED342A244681a68F561FBf8eD83
1,Cuddly kids,CKS,0,0xcB29aB9BF3Fa5cE0034eB042c71420c3916a32AA
1,Tripster Travel Pass,TRIPSTER,0,0x98d0C0A0A07679687da3977944d61d39a02D7Fda
1,CreateraGenesisLand,CGL,0,0x3F3915Fb8769Ee456035331BC2F7fBE380f6b4d2
1,DAO Maker,DAO,18,0x0f51bb10119727a7e5eA3538074fb341F56B09Ad
1,Matr1x 2061,2061,0,0x9a27d13a4896BaA03843A0728dff6007D665F8ee
1,Super PUMA,SPRPUMA,0,0x283c0BbA69EbD4643cfCe761B34b0206E75b2091
1,Synapse,SYN,18,0x0f2D719407FdBeFF09D87557AbB7232601FD9F29
1,StargateToken,STG,18,0xAf5191B0De278C7286d6C7CC6ab6BB8A73bA2Cd6
1,McPepe Teh King,PEPEK,18,0x3832b1B358E09C6D8DEC493577b912C3d0b80ab7
1,Decentraland MANA,MANA,18,0x0F5D2fB29fb7d3CFeE444a200298f468908cC942
1,Paragons DAO Token,PDT,18,0x375aBB85C329753b1Ba849a601438AE77eEc9893
1,Stader,SD,18,0x30D20208d987713f46DFD34EF128Bb16C404D10f
1,Shytoshis AI,SHYAI,9,0xBe18d52Aea2F2154Af369be1260546F31915B58B
1,KnownOriginDigitalAsset,KODA,0,0xABB3738f04Dc2Ec20f4AE4462c3d069d02AE045B
1,Eye of Ra,ERA,18,0xa6535627AF13bD0C87c86797F37E52cEc21974a6
1,Attack On Shiba,ATOS,9,0xF0a3a52Eef1eBE77Bb2743F53035b5813aFe721F
1,TrueFi,TRU,8,0x4C19596f5aAfF459fA38B0f7eD92F11AE6543784
1,Moonbirds,MOONBIRD,0,0x23581767a106ae21c074b2276D25e5C3e136a68b
1,Aura,AURA,18,0xC0c293ce456fF0ED870ADd98a0828Dd4d2903DBF
1,Bluzelle Token,BLZ,18,0x5732046A883704404F284Ce41FfADd5b007FD668
1,McDollar,McDollar,18,0xc7E8B83507437aD26145d34c53fAA8D8Ca3B05e8
1,Sinners & Saints,SAS,0,0x7dE3E2F540Cf5c3065DE34Ac16A39DEB08fcdcf3
1,Wrapped Ether,anyETH,18,0x0615Dbba33Fe61a31c7eD131BDA6655Ed76748B1
1,Emblem Vault V4,Emblem.pro,0,0x82C7a8f707110f5FBb16184A5933E9F78a34c6ab
1,GuildFi Token,GF,18,0xAaEf88cEa01475125522e117BFe45cF32044E238
1,Immutable X,IMX,18,0xF57e7e7C23978C3cAEC3C3548E3D615c346e79fF
1,Balancer,BAL,18,0xba100000625a3754423978a60c9317c58a424e3D
1,McPepes 2.0,PEPES2.0,8,0xFD684910F0969E32B58a1Bd915E7fB94C8757a90
1,Sloth,SLT,0,0x1Ebd38f5E21b3a39dD3eDD8c13CF8c69B064C27F
1,The BET,BET,18,0x9eb6299e4Bb6669E42cb295a254c8492F67AE2C6
1,StopAI,SAI,18,0xd96f7c07D90110FC25577788d9A6147fAd092EA3
1,Wickens,WCK,0,0x61c0f01a77dbB995346e3e508575670Ec49b5615
1,Kennel,KENNEL,18,0x25d4e7fe624FcC6E7F0b52D142F40c9ACEcF039a
1,Based Shiba,BSHIB,9,0xFB31778436019dBB4076D3ec8C8d5b4965713e61
1,Rocket Pool ETH,rETH,18,0xae78736Cd615f374D3085123A210448E74Fc6393
1,BTRFLY,BTRFLY,18,0xc55126051B22eBb829D00368f4B12Bde432de5Da
1,DEFINET,NET,18,0x77A9B858aA8417fd318ecEE01C1d6D9fEF31A71F
1,DEXTF Token,DEXTF,18,0x5F64Ab1544D28732F0A24F4713c2C8ec0dA089f0
1,AllianceBlock Nexera Token,NXRA,18,0x644192291cc835A93d6330b24EA5f5FEdD0eEF9e
1,TrustSwap Token,SWAP,18,0xCC4304A31d09258b0029eA7FE63d032f52e44EFe
1,Fantom Token,FTM,18,0x4E15361FD6b4BB609Fa63C81A2be19d873717870
1,Badger,BADGER,18,0x3472A5A71965499acd81997a54BBA8D852C6E53d
1,NuNet Utility Token,NTX,6,0xF0d33BeDa4d734C72684b5f9abBEbf715D0a7935
1,Ocean Token,OCEAN,18,0x967da4048cD07aB37855c090aAF366e4ce1b9F48
1,Snerf,snerf,0,0x66B8828485bBCC74CD8EC1c9f7648Fd906B34170
1,Threshold Network Token,T,18,0xCdF7028ceAB81fA0C6971208e83fa7872994beE5
1,Enjin Coin,ENJ,18,0xF629cBd94d3791C9250152BD8dfBDF380E2a3B9c
1,Hoichi 芳一,HOICHI,18,0xC4EE0aA2d993ca7C9263eCFa26c6f7e13009d2b6
1,TwitFi Token,TWT,9,0xd4Df22556e07148e591B4c7b4f555a17188CF5cF
1,LiveArt,LiveArt.Member,0,0xBdCaAB0d1392A391AC91C477fe18a85cBe855aBa
1,Ordinal Doge,oDOGE,18,0x796a4503b444A71b331c9556bEF0815237ddEaBC
1,KOK Coin,KOK,18,0x9B9647431632AF44be02ddd22477Ed94d14AacAa
1,NvirWorld,Nvir,18,0x9d71CE49ab8A0E6D2a1e7BFB89374C9392FD6804
1,SewerPass,SEWER,0,0x764AeebcF425d56800eF2c84F2578689415a2DAa
1,yearn.finance,YFI,18,0x0bc529c00C6401aEF6D220BE8C6Ea1667F6Ad93e
1,ParaSpace Compound APE,cAPE,18,0xC5c9fB6223A989208Df27dCEE33fC59ff5c26fFF
1,Numeraire,NMR,18,0x1776e1F26f98b1A5dF9cD347953a26dd3Cb46671
1,McRib,McRib,9,0xc41e7285Be4BdC74e6AAfF1cdC5184939ef63CAB
1,SaitaRealtyV2,SRLTY,9,0x142a774E8b52550E88E196CedD7A5835acB646D0
1,Shibarium Marketplace,SHELTER,8,0xD004f68F42fe48D254b0325e91B3629bFcfe9f08
1,MCSHIBS,SHIBS,18,0x1599E085736d81d5Fc9648D6AA13a8F2AE44D69F
1,Paxos Gold,PAXG,18,0x45804880De22913dAFE09f4980848ECE6EcbAf78
1,McPepy teh Wife,MCPEPY,9,0x173B3ad680D827796046797723C4249AfB334263
1,DeFiApes,DEFIAPES,0,0x3C6FBc94288f5af5201085948DdB18aDED2E6879
1,Yamanote-Sen,YMNT,9,0xe59A1fe295f940E5226DcF6411Ef2Bdf3089C254
1,McFrog,Frog,9,0x62865B83aE2afEE557dd60215DE2c7B98a7ed1e2
1,Ordinals Finance,OFI,9,0x419E35E3515c2fDB652C898bF7A0B21FB20497dC
1,Nexo,NEXO,18,0xB62132e35a6c13ee1EE0f84dC5d40bad8d815206
1,BDPToken,BDP,18,0xf3dcbc6D72a4E1892f7917b7C43b74131Df8480e
1,FortuneBunny,FB,0,0xDdEeb85718De691260FBDD7a5f104fC209f0B974
1,Kubz Relic,Kubz Relic,0,0xE1B81CD6A494CBCA06a8e2055A62C2Cf0fa5A8ac
1,SIDUS,SIDUS,18,0x549020a9Cb845220D66d3E9c6D9F9eF61C981102
1,OPEN EDITION BY KEVIN ABOSCH,OEKA,0,0xd04FF5E94340A2e1d913c3728a12B210C5D5Bb2D
1,Otherdeed,OTHR,0,0x34d85c9CDeB23FA97cb08333b511ac86E1C4E258
1,VAIOT Token,VAI,18,0xD13cfD3133239a3c73a9E535A5c4DadEE36b395c
1,Alchemy,ACH,8,0xEd04915c23f00A313a544955524EB7DBD823143d
1,Dogelon,ELON,18,0x761D38e5ddf6ccf6Cf7c55759d5210750B5D60F3
1,WoofWork.io,WOOF,18,0x6BC08509B36A98E829dFfAD49Fde5e412645d0a3
1,Doodles,DOODLE,0,0x8a90CAb2b38dba80c64b7734e58Ee1dB38B8992e
1,Ushi,USHI,18,0x6Dca182ac5E3f99985bC4Ee0f726d6472aB1ec55
1,Curve.fi DAI/USDC/USDT,3Crv,18,0x6c3F90f043a72FA612cbac8115EE7e52BDe6E490
1,SushiToken,SUSHI,18,0x6B3595068778DD592e39A122f4f5a5cF09C90fE2
1,BasedAI,BAI,9,0xb7d59805C72Eeedd63763f712078373EAcb923aA
1,IROIRO,IROIRO,0,0x0BdA9d7185A9885eCb1770d4793389bE5DA2e576
1,PCKR DRONES,PCKR-DRNS,0,0x25720B5936043ed7A322ac63459e65eCf4cDF501
1,Dione,Dione,9,0x89B69F2d1adffA9A253d40840B6Baa7fC903D697
1,ARCH,ARCH,18,0x73C69d24ad28e2d43D03CBf35F79fE26EBDE1011
1,JasmyCoin,JASMY,18,0x7420B4b9a0110cdC71fB720908340C03F9Bc03EC
1,Byte AI,BYTE,9,0x5e3800D979fd5836BFf29E8C140A2160bcDd747d
1,CBSWAP.IO,COINS,18,0x591d707856D52C9E30714ef807302b76eF6094c3
1,Shit Eating Clowns,SEC,18,0xE2830C27334613A3669EaAF97534f3D8A7414352
1,GreenMetaverseToken,GMT,8,0xe3c408BD53c31C085a1746AF401A4042954ff740
1,nUSD,nUSD,18,0x1B84765dE8B7566e4cEAF4D0fD3c5aF52D3DdE4F
1,McInu,McInu,8,0x48B3CD2DdB6F65334dcaa0740A92a24f60ccBde8
1,Bear Inu,BEAR,18,0x17837004eA685690b32dbEaD02a274Ec4333A26a
1,Based AI,BasedAI,9,0x578d62bFAd23eA5fAA7fbd9A8Ff0fE149B09bE5a
1,Alchemix,ALCX,18,0xdBdb4d16EdA451D0503b854CF79D55697F90c8DF
1,ShibElon,SHIBELON,9,0x4c584CD339bdDE73B7F5210486dd8bbeEE3fDe6d
1,0xCasino,XCAS,18,0x6e1a77D9B50832adc6f2029370f7F7B13C58Df51
1,Shiba Predator,QOM,18,0xa71d0588EAf47f12B13cF8eC750430d21DF04974
1,Liquidity Incentive Token,LIT,18,0xfd0205066521550D7d7AB19DA8F72bb004b4C341
1,Safe{Core} Introduced,SAFECORE,0,0x16b2F56890583a38deF7BC3372e170ec369fB2cB
1,Seekers,SEEKERS,0,0xaAF03a65CbD8f01b512Cd8d530a675b3963dE255
1,CRO,CRO,8,0xA0b73E1Ff0B80914AB6fe0444E65848C4C34450b
1,X2Y2Token,X2Y2,18,0x1E4EDE388cbc9F4b5c79681B7f94d36a11ABEBC9
1,Ankr Network,ANKR,18,0x8290333ceF9e6D528dD5618Fb97a76f268f3EDD4
1,Icosa,ICSA,9,0xfc4913214444aF5c715cc9F7b52655e788A569ed
1,eSOV,eSOV,18,0xbdab72602e9AD40FC6a6852CAf43258113B8F7a5
1,McFloki,McFloki,9,0x9e5C08eDa223377561cD83E75F4c5C43452FbD80
1,ZKSpider,ZKSpider,9,0x86CEf304c773a9142C2CF1E5654b4A17606CF694
1,MERGE,VVMRG,0,0xbD8451d2D5Fb88469A764B05C1e0b623C5106145
1,Azuki,AZUKI,0,0xED5AF388653567Af2F388E6224dC7C4b3241C544
1,Solidly,SOLID,18,0x777172D858dC1599914a1C4c6c9fC48c99a60990
1,LoopringCoin V2,LRC,18,0xBBbbCA6A901c926F240b89EacB641d8Aec7AEafD
1,HORD Token,HORD,18,0x43A96962254855F16b925556f9e97BE436A43448
1,USDC,anyUSDC,6,0x7EA2be2df7BA6E54B1A9C70676f668455E329d29
1,10KTF,10KTF,0,0x0Cfb5d82BE2b949e8fa73A656dF91821E2aD99FD
1,Tether USD,anyUSDT,6,0x22648C12acD87912EA1710357B1302c6a4154Ebc
1,LUSD Stablecoin,LUSD,18,0x5f98805A4E8be255a32880FDeC7F6728C6568bA0
1,Axie Infinity Shard,AXS,18,0xBB0E17EF65F82Ab018d8EDd776e8DD940327B28b
1,DOGE KILLER,LEASH,18,0x27C70Cd1946795B66be9d954418546998b546634
1,BITRING,BITRING,0,0x36DCEBE5537C23D59945560E216C8aE902d0cD09
1,McMemes,MEMES,9,0x3b8b63b0dF38f1bB9D2b3848aAcC4B0020a1E79b
1,0N1 Force,0N1,0,0x3bf2922f4520a8BA0c2eFC3D2a1539678DaD5e9D
1,Imaginary Ones,IO,0,0x716F29B8972D551294d9E02B3eb0fC1107FbF4aA
1,hiBAYC,hiBAYC,18,0x83031984B45553070a088273f341BfF7fB4f2F46
1,Zks,ZKS,18,0xe4815AE53B124e7263F08dcDBBB757d41Ed658c6
1,ParentApeGeneLab,PAGL,0,0x8F629E9a2f77B08d28A64f52Bd88bB36732527d3
1,Compound,COMP,18,0xc00e94Cb662C3520282E6f5717214004A7f26888
1,Tap,XTP,18,0x6368e1E18c4C419DDFC608A0BEd1ccb87b9250fc
1,Cult DAO,CULT,18,0xf0f9D895aCa5c8678f706FB8216fa22957685A13
1,Render Token,RNDR,18,0x6De037ef9aD2725EB40118Bb1702EBb27e4Aeb24
1,IMPT,IMPT,18,0x04C17b9D3b29A78F7Bd062a57CF44FC633e71f85
1,numbers,NMB,0,0xc647517C7266B2564971956cf3Fa523AA7fC5527
1,Rise of the Apes,ROTA,0,0xDfB29501b42f63A947Ddc5249F185D6BcBE6986f
1,FreakBait,FREAK,18,0xbF7510a7A3AE7C5E3541Bd7bf07dEa696686396B
1,Covalent Query Token,CQT,18,0xD417144312DbF50465b1C641d016962017Ef6240
1,ZkTsunami,:ZKT:,9,0x76fcA1adb104770B38581B64d55e67fA5A0f3966
1,BabyPepes,BabyPepes,18,0x537202da31208f3397857399461c787c51Efbf00
1,BULL RUNNERS CLUB,BRC,0,0x1334CbC8883b4f6aa4a77997558E8164E7c9d514
1,agEUR,agEUR,18,0x1a7e4e63778B4f12a199C062f3eFdD288afCBce8
1,Hashbarium,HASH,18,0xC0EB56A1742cFd12f9C560b645dE21E52209948A
1,Image Generation AI | imgnAI.com,imgnAI,9,0xA735A3AF76CC30791C61c10d585833829d36CBe0
1,SatoshiMysteryAvatars,SMA,0,0x824F9D8751Fc97C62B4F0bFFB789a617f1cEF39d
1,Ethereum Name Service,ENS,18,0xC18360217D8F7Ab5e7c516566761Ea12Ce7F9D72
1,WeWeed,WWD,0,0x1cA630a4a3757e9198bFBA166300Ce5e9adaeF46
1,Meta Athletes,ATH,0,0xDA01295Ad0Ac1942Fd8083F39965f9427B00541a
1,Shibarium Pad,$SHIBP,18,0xC90906d45046059221e908de5Cc8fcfaCA859235
1,BICASSO AI,BICASSO,18,0xE47Ad6941a40F4bc32D9D6588C917B2538D11673
1,Darkfeeling,DRK,0,0xd6Df8762AB5e267F392F01a7Da54E684FA0bC28C
1,Basic Attention Token,BAT,18,0x0D8775F648430679A709E98d2b0Cb6250d2887EF
1,Bancor Network Token,BNT,18,0x1F573D6Fb3F13d689FF844B4cE37794d79a7FF1C
1,Uniswap V2,UNI-V2,18,0xc54Ba7AAbE7164Ca2Aa092900060fE2ba6eCCD8B
1,Ordinal Chain,ORCH,18,0xC4cefDf1bC9FDE0Ef82CDfE609dc743Ee23FF1Ca
1,Manifold Finance,FOLD,18,0xd084944d3c05CD115C09d072B9F44bA3E0E45921
1,ZOKER,:ZKR:,9,0xa3c01F68Ec8ce0788247A65990AC3daeBA3B5920
1,Audius,AUDIO,18,0x18aAA7115705e8be94bfFEBDE57Af9BFc265B998
1,Curve.fi ETH/stETH,steCRV,18,0x06325440D014e39736583c165C2963BA99fAf14E
1,Morpheus.Network,MNW,18,0xd3E4Ba569045546D09CF021ECC5dFe42b1d7f6E4
1,Uniswap V2,UNI-V2,18,0x3041CbD36888bECc7bbCBc0045E3B1f144466f5f
1,IceToken,ICE,18,0xf16e81dce15B08F326220742020379B855B87DF9
1,Amp,AMP,18,0xfF20817765cB7f73d4bde2e66e067E58D11095C2
1,Central Bank Digital Currency,CBDC,8,0xCe5935165895731a067AC7bbbfF6D5A6180dBb51
1,Mask Network,MASK,18,0x69af81e73A73B40adF4f3d4223Cd9b1ECE623074
1,Hashflow,HFT,18,0xb3999F658C0391d94A37f7FF328F3feC942BcADC
1,Weirdo Ghost Gang,GHOST,0,0x9401518f4EBBA857BAA879D9f76E1Cc8b31ed197
1,PoolTogether,POOL,18,0x0cEC1A9154Ff802e7934Fc916Ed7Ca50bDE6844e
1,Genesis Box,GBOX,0,0xB75F09b4340aEb85Cd5F2Dd87d31751EDC11ed39
1,Botto,BOTTO,18,0x9DFAD1b7102D46b1b197b90095B5c4E9f5845BBA
1,Hop,HOP,18,0xc5102fE9359FD9a28f877a67E36B0F050d81a3CC
1,goblintown,GOBLIN,0,0xbCe3781ae7Ca1a5e050Bd9C4c77369867eBc307e
1,Meebits,⚇,0,0x7Bd29408f11D2bFC23c34f18275bBf23bB716Bc7
1,AI LAUNCH,AIL,18,0x9395AA8b5B274EFEa829C204991ee10302d0c3E2
1,Trainers,TRNR,0,0x8A3749936E723325C6b645a0901470cD9E790B94
1,Artify,AFY,18,0xa41161AF8D4Ee421ba5fED4328F2B12034796A21
1,Wrapped LUNA Token,LUNA,18,0xd2877702675e6cEb975b4A1dFf9fb7BAF4C91ea9
1,Convex CRV,cvxCRV,18,0x62B9c7356A2Dc64a1969e19C23e4f579F9810Aa7
1,Curve.fi FRAX/USDC,crvFRAX,18,0x3175Df0976dFA876431C2E9eE6Bc45b65d3473CC
1,Pre Shibarium,PRESHIB,18,0xa1399b522453dD6B62d4dC047b7683916f0b2585
1,AQ1,AQ1,0,0xC163A42088c7c65a23B059537519F6a02bD18075
1,Ordinal BTC ,oBTC,18,0xfF770E4c68e35DB85c6e0E89a43750eC02bDB2AC
1,DODO bird,DODO,18,0x43Dfc4159D86F3A37A5A4B3D4580b888ad7d4DDd
1,DFX Token,DFX,18,0x888888435FDe8e7d4c54cAb67f206e4199454c60
1,Frenly Pandas,FANDAS,0,0x4BB08998a697d0db666783Ba5B56E85B33ba262f
1,Shadowcats,SHADOWCATS,18,0x0018d5E01e53878F90FEAB02F1b2019a21adf8b1
1,Dimitra Token,DMTR,18,0x51cB253744189f11241becb29BeDd3F1b5384fdB
1,CloneX,CloneX,0,0x49cF6f5d44E70224e2E23fDcdd2C053F30aDA28B
1,Bend debt bearing WETH,bendDebtWETH,18,0x87ddE3A3f4b629E389ce5894c9A1F34A7eeC5648
1,DEAPCOIN,DEP,18,0x1A3496C18d558bd9C6C8f609E1B129f67AB08163
1,LLAC NFT Seminar Feb. 27 2023,LNS,0,0xF40B176ce02Ec2d4d6dbC57D4C143cB7D4774D72
1,VEGA,VEGA,18,0xcB84d72e61e383767C4DFEb2d8ff7f4FB89abc6e
1,Thingdoms NFT Official,THING,0,0x0AA7420c43B8C1a7b165d216948870C8eCfe1EE1
1,UniX Gaming,UNIX,18,0xDDD6A0ECc3c6F6C102E5eA3d8Af7B801d1a77aC8
1,Gearbox,GEAR,18,0xBa3335588D9403515223F109EdC4eB7269a9Ab5D
1,Trading Punk,TPK,0,0x64425439615a7a50caB22852C18Dca2a69cEaa02
1,MEGADIEZONE,MGDZ,0,0x1777A57fdEC4126eB6E80F1aDB8D23CB74262DEB
1,UINTS 0 Edition,UINTS0,0,0x0DD49C7E59c530b2F7795B2268Db5074ebcdb52D
1,Z-Cubed,Z3,18,0x50Eec6D765792dCfB0913C8403ef2A12e1B861a6
1,PEACH,PEACH,18,0xb0dd2Cf11D0787146520ab39fbDC382F78dABb16
1,Native ETH,ETH,18,0x4f7A67464B5976d7547c860109e4432d50AfB38e
1,Gamium [via ChainPort.io],GMM,18,0x4B19C70Da4c6fA4bAa0660825e889d2F7eaBc279
1,UnusualWhales,WHALES,0,0x1d81A6c7Ddc15b1553D49987c0286FaAe6734877
1,Celestial,Celt,18,0xf6e06B54855eFf198a2d9A8686113665499a6134
1,Axelar,AXL,6,0x467719aD09025FcC6cF6F8311755809d45a5E5f3
1,Rektguy,Rektguy,0,0xB852c6b5892256C264Cc2C888eA462189154D8d7
1,Pax Dollar,USDP,18,0x8E870D67F660D95d5be530380D0eC0bd388289E1
1,Chungos,CHUNGO,0,0x8CAe61967466eBBf15c12Dc802b29594bc04eFc6
1,Fintoch DC,FTH-DC,18,0xeeBc1B0E0f19bd03502Ada32cB7a9E217568dCeb
1,Application Specific Internet Coin,ASIC,12,0x347a96a5BD06D2E15199b032F46fB724d6c73047
1,e-1.,e-1-ex-co-tro.,0,0x9b0db519b4A9503B91c0712999b2545Eabb941D9
1,Angry Apes Society,AAS,0,0xFA969C60a78195C631787D4585BA15a07578C979
1,Bicasso,Bicasso,9,0xCC9004920Bfdcf6a45c50D6289551fFC68103f89
1,Stablz,STABLZ,18,0xA4Eb9C64eC359D093eAc7B65F51Ef933D6e5F7cd
1,FSLands,FS,0,0x428D32Ff2339C6422F6Af24C330B35383EBC2244
1,Tellor Tributes,TRB,18,0x88dF592F8eb5D7Bd38bFeF7dEb0fBc02cf3778a0
1,Checks,CHECKS,0,0x036721e5A769Cc48B3189EFbb9ccE4471E8A48B1
1,ETHPAD.network,ETHPAD,18,0x8dB1D28Ee0d822367aF8d220C0dc7cB6fe9DC442
1,DEGEN TOONZ,TOONZ,0,0x19b86299c21505cdf59cE63740B240A9C822b5E4
1,Ludena Protocol,LDN,18,0xb29663Aa4E2e81e425294193616c1B102B70a158
1,Pixelmon,PXLMN,0,0x32973908FaeE0Bf825A343000fE412ebE56F802A
1,Murder Penguin,MPG,9,0x59cEA536575D0A2688a81f95D9B89C738A177D06
1,WonderPals,WNDR,0,0x3Acce66cD37518A6d77d9ea3039E00B3A2955460
1,Reserve Rights,RSR,18,0x320623b8E4fF03373931769A31Fc52A4E78B5d70
1,Injective Token,INJ,18,0xe28b3B32B6c345A34Ff64674606124Dd5Aceca30
1,PEPA,PEPA,9,0x577Fee283e776eec29C9E4d258431982780a38A8
1,Skylightz,Skylightz,0,0x76cb5167299BEa907f9e26b26598353920a15482
1,PudgyPenguins,PPG,0,0xBd3531dA5CF5857e7CfAA92426877b022e612cf8
1,GIGAMAX,GGMAX,18,0x67272D5fC026FCA574E0e0C11DeF98ba94e6f3c7
1,Crypto-Hina-Dolls,CHD,0,0xe72321cce2e32fA6A93bd8b1aD942541dD13da90
1,DogeKing,DOGEK,18,0x3C73BDCed15f7f32FB237966Bdb801d1b34f86D3
1,Optimus,OPTIMUS,9,0x562E362876c8Aee4744FC2c6aaC8394C312d215d
1,The Maker,THM,9,0xce70BCF79AEEcAB863FC127DA2B2C8CA2Ba7Ad3D
1,ParaSwap,PSP,18,0xcAfE001067cDEF266AfB7Eb5A286dCFD277f3dE5
1,Cold Blooded Creepz,CBC,0,0xfE8C6d19365453D26af321D0e8c910428c23873F
1,Checks,CHECKS,0,0x34eEBEE6942d8Def3c125458D1a86e0A897fd6f9
1,DeployAI,DAI,8,0xBf4bc5d32e2C0500E5ae4618255a78F25Ea12565
1,ENERGON,ENG,18,0x7787D10F8F277bC509fb79c68BFC508d69dd41dC
1,MEZZ Token,MEZZ,18,0xC4c346eDc55504574cCEB00AA1091d22404A4bC3
1,MinerBox,SMB,0,0x3087538A87236cc0A20bf96619Ef30F7E8280459
1,Aave interest bearing USDC,aUSDC,6,0xBcca60bB61934080951369a648Fb03DF4F96263C
1,LUKSO Token,LYXe,18,0xA8b919680258d369114910511cc87595aec0be6D
1,Spool DAO Token,SPOOL,18,0x40803cEA2b2A32BdA1bE61d3604af6a814E70976
1,Cirus,CIRUS,18,0xA01199c61841Fce3b3daFB83FeFC1899715c8756
1,A Hunters Dream,CAW,18,0xf3b9569F82B18aEf890De263B84189bd33EBe452
1,Yieldification,YDF,18,0x30dcBa0405004cF124045793E1933C798Af9E66a
1,Skeb Coin,SKEB,18,0x6D614686550B9E1c1DF4b2cD8f91C9D4df66C810
1,Geojam,JAM,18,0x23894DC9da6c94ECb439911cAF7d337746575A72
1,Vow,VOW,18,0x1BBf25e71EC48B84d773809B4bA55B6F4bE946Fb
1,ordinex,ORD,18,0xBe00734799A67a62Af2819825580318aC1B1E4Ec
1,unshETHing_Token,USH,18,0xE60779CC1b2c1d0580611c526a8DF0E3f870EC48
1,Data Lake Token,LAKE,18,0xF9Ca9523E5b5A42C3018C62B084Db8543478C400
1,ShoeFy,SHOE,18,0x0fD67B4ceb9b607Ef206904eC73459c4880132c9
1,HPPRs,HPPRS,0,0xE2609354791Bf57E54B3f7F9A26b2dacBed61DA1
1,Mr.Rich,Mr.Rich,0,0x05c53CAB431F02d159858b8564265c87BcE9d4AC
1,TwitFi,TWITFI,0,0x94CCe07F299945CFE80e309c85cb0A784B3ee6C2
1,Perpetual,PERP,18,0xbC396689893D065F41bc2C6EcbeE5e0085233447
1,Welcome to Nountown,NOUNTOWN001,0,0xf2c5a42Ab4aDe9a89552B812a9e1a6e36747c1b7
1,COTI Token,COTI,18,0xDDB3422497E61e13543BeA06989C0789117555c5
1,WOOL,WOOL,18,0x8355DBE8B0e275ABAd27eB843F3eaF3FC855e525
1,OpulousToken,OPUL,18,0x80D55c03180349Fff4a229102F62328220A96444
1,Tamadoge,TAMA,18,0x12b6893cE26Ea6341919FE289212ef77e51688c8
1,Coinbase Wrapped Staked ETH,cbETH,18,0xBe9895146f7AF43049ca1c1AE358B0541Ea49704
1,Dori1776,DORI1776,0,0x65A926fEB70DACBC31E22494026b1c8a1a11Ca47
1,METAGIRL (Remix) Feat. Nessy The Rilla,MGNTR,0,0xeDFe962e1D93ECf3961aF327719Fe8b724bdeC4e
1,Bunnicorns,BN,0,0x92B36ab236c88c68c0E100F84Af59986b983b78B
1,OGCR,OG Crystals,0,0x368AD4A7A7F49B8fA8f34476BE0Fc4d04cE622f5
1,HOURGLASS,WAIT,9,0x2559813BBb508C4C79e9CCCE4703Bcb1f149EDd7
1,ParaSpace Variable Debt Token cAPE,vDebtcAPE,18,0x0B51c7497C2875eAc76A68496FE5853DdbDA8091
1,Rainbow Pooly,RNBWPOOLY,0,0x86fa5A5927fBAa82218743607765EC0f63E46bfa
1,Opyn Squeeth,oSQTH,18,0xf1B99e3E573A1a9C5E6B2Ce818b617F0E664E86B
1,JPEG’d Governance Token,JPEG,18,0xE80C0cd204D654CEbe8dd64A4857cAb6Be8345a3
1,Keepers V2,KPRV2,0,0x2d33Bfe1c867346543Ac245396DFc6c3EBc8534F
1,McBobo,McBobo,9,0xec6fdd8B0898e26bDB42dcbC1b7A85f30CAea072
1,Buy Inu,BUY,9,0x24384A9604C5212E3901A0a19eE39d939D563c0b
1,Matchbook,MTC,0,0xd1466d7A2e13A47677608F68093c5eA9fE910611
1,PUMA Nitro Collection,NITRO,0,0xcd1F6bE81F1Dc58558F44Bbc5Ca4cc43Cbb1ec05
1,Monkey Kingdom,MK,0,0xB3a2bec1f41DFC24F489a136B6d471BDEdeDf0e1
1,BNB,BNB,18,0xB8c77482e45F1F44dE1745F52C74426C631bDD52
1,Synth sUSD,sUSD,18,0x57Ab1ec28D129707052df4dF418D58a2D46d5f51
1,Ordinal Swap,ORSW,18,0xa06824744e878F01E7591e2691b90667059F8064
1,Merit Circle,MC,18,0x949D48EcA67b17269629c7194F4b727d4Ef9E5d6
1,BasedAI,BasedAI,9,0x0b670BfdEf0185E165823fD9BC5454FACdEAcd86
1,Aave interest bearing WETH,aWETH,18,0x030bA81f1c18d280636F32af80b9AAd02Cf0854e
1,Big Pepe,$BPEPE,9,0xF8FaAf9014bdF72F67A9c73A1e34875A6287b30A
1,MarsToken,Mars,18,0x66C0DDEd8433c9EA86C8cf91237B14e10b4d70B7
1,Volt Inu,VOLT,9,0x7db5af2B9624e1b3B4Bb69D6DeBd9aD1016A58Ac
1,SNP Token,SNP,18,0x795dBF627484F8248D3d6c09c309825c1563E873
1,Art Blocks,BLOCKS,0,0xa7d8d9ef8D8Ce8992Df33D8b8CF4Aebabd5bD270
1,Kounotori,KTO,9,0x616ef40D55C0D2c506f4d6873Bda8090b79BF8fC
1,WOM Token,WOM,18,0xBd356a39BFf2cAda8E9248532DD879147221Cf76
1,Monkey Kingdom Diamond Baepes,DB,0,0x28d7136aaa5D6C4C0D69c1a3Bb3b64B23F696d4e
1,Flex Ungovernance Token,FLX,18,0x6243d8CEA23066d098a15582d81a598b4e8391F4
1,,,18,0xF56b164efd3CFc02BA739b719B6526A6FA1cA32a
1,SAITAMA,SAITAMA,9,0xCE3f08e664693ca792caCE4af1364D5e220827B2
1,MouseWorm,MOUSEWORM,6,0xA848a1D33D8ef1633397A6acf617620fab8E5dA8
1,FLEX Coin,FLEX,18,0xFcF8eda095e37A41e002E266DaAD7efC1579bc0A
1,Frax Ether,frxETH,18,0x5E8422345238F34275888049021821E8E08CAa1f
1,DappRadar,RADAR,18,0x44709a920fCcF795fbC57BAA433cc3dd53C44DbE
1,ApeBOT,APEBOT,18,0xe1EE6a3354b76B2fA7cFf31310f905d1Fc08Af9B
1,Croogle,CROGL,18,0x4b58a037f003C70d6316D9a88786d97195ec7268
1,Copa del Rey,CDR,0,0x1061982147ACE4a2EC3B3bA76507a7D072b4b49C
1,THE TRUTH,UFO,18,0x249e38Ea4102D0cf8264d3701f1a0E39C4f2DC3B
1,Gitcoin,GTC,18,0xDe30da39c46104798bB5aA3fe8B9e0e1F348163F
1,RFOX VALT CitiXens,CX,0,0xAA7fdA738f6c08E4C3B8a178EC09885bC6044861
1,Pluton,PLU,18,0xD8912C10681D8B21Fd3742244f44658dBA12264E
1,OMI Token,OMI,18,0xeD35af169aF46a02eE13b9d79Eb57d6D68C1749e
1,SHARBI,$SHARBI,9,0xF3A3023e6Dede84AD88a656A3269F2A36e83c9a9
1,Project Oracle,ORA,18,0x3CD62db3D0b2f0Ee7818E1D578CdFEc182f24f14
1,MechaPilots,MVP,0,0x7D31Dab2a4B736E21bbD3Cc2AC80ee8E35E5cfeB
1,PepesBag,PBAG,18,0xA79ffCabb94370Ff42a5AC3C0EbDB4a86BF69D10
1,HoloToken,HOT,18,0x6c6EE5e31d828De241282B9606C8e98Ea48526E2
1,Legend-X,LEGENDX,0,0xd433F1601574B2288c32E60cCD2423384fCFd699
1,STEPNNFT,SNFT,0,0x2A036569DBbe7730D69ed664B74412E49f43C2C0
1,LilPudgys,LP,0,0x524cAB2ec69124574082676e6F654a18df49A048
1,UniDex,UNIDX,18,0x95b3497bBcCcc46a8F45F5Cf54b0878b39f8D96C
1,AVINOC Token,AVINOC,18,0xF1cA9cb74685755965c7458528A36934Df52A3EF
1,SpillWays,SpillWays,18,0x8790f2fc7Ca2e7Db841307FB3f4e72a03Baf7b47
1,Spiral,SPIRAL,9,0x6AEdb157B9Ca86E32200857AA2579D47098acE39
1,Dingo Token,DINGO,9,0x1f961BCEAEF8eDF6fb2797C0293FfBDe3E994614
1,Ring.Exchange,RNG,18,0x3b94440C8c4F69D5C9F47BaB9C5A93064Df460F5
1,Earpitz,EARPITZ,0,0x4664d282072BFf886fadcb2a7E20Fe737C58Fdca
1,CRYPTONINJA WORLD,CNW,0,0x697c139E46779F1677EFA6Ee1a836F4448D905Bb
1,Swordsman,SWORD,0,0x496AeAc4AE585b68cee97dAdC003662f7B808a1c
1,NFTfi Promissory Note,PNNFI,0,0x5660E206496808F7b5cDB8C56A696a96AE5E9b23
1,Measurable Data Token,MDT,18,0x814e0908b12A99FeCf5BC101bB5d0b8B5cDf7d26
1,Mental Abuse To Humans,MATH,18,0xfe2da735C0B25AE58AD24A2eEB204cBafb4fEdAe
1,Conic Finance Token,CNC,18,0x9aE380F0272E2162340a5bB646c354271c0F5cFC
1,Wrapped TAO,wTAO,9,0x77E06c9eCCf2E797fd462A92B6D7642EF85b0A44
1,Sigil Finance,SIGIL,18,0xF029Fd6b5ED35C825Dd02B7A02952C30002840E4
1,Spell Token,SPELL,18,0x090185f2135308BaD17527004364eBcC2D37e5F6
1,Sappy Seals,SAPS,0,0x364C828eE171616a39897688A831c2499aD972ec
1,DogPad,DOGPAD,18,0x6f3277ad0782a7DA3eb676b85a8346A100BF9C1c
1,PulseBitcoin,PLSB,12,0x5EE84583f67D5EcEa5420dBb42b462896E7f8D06
1,OxAI,OXAI,18,0x428dca9537116148616a5A3E44035Af17238Fe9d
1,Defactor,FACTR,18,0xe0bCEEF36F3a6eFDd5EEBFACD591423f8549B9D5
1,Moonbirds Oddities,ODDITIES,0,0x1792a96E5668ad7C167ab804a100ce42395Ce54D
1,Shina Inu,SHI,18,0x243cACb4D5fF6814AD668C3e225246efA886AD5a
1,SuperFarm,SUPER,18,0xe53EC727dbDEB9E2d5456c3be40cFF031AB40A55
1,Yield,YLD,18,0xF94b5C5651c888d928439aB6514B93944eEE6F48
1,Not Financial Advice,NFAi,18,0x8eEcaad83a1Ea77bD88A818d4628fAfc4CaD7969
1,Dope Wars,DOPE,9,0x16223049Bc4C4123F0BF7d29fCe2D6c44B3b601b
1,Doke Inu,DOKE,9,0x517ABf1fCDBD76BC75B532683ada9113E313A128
1,MistfitsNFT,MFN,0,0x5D62Fb8dcD9b480960f55956fBDD8D9F07f2B402
1,Biconomy Token,BICO,18,0xF17e65822b568B3903685a7c9F496CF7656Cc6C2
1,RENGA,RENGA,0,0x394E3d3044fC89fCDd966D3cb35Ac0B32B0Cda91
1,Fable Of The Dragon,TYRANT,9,0x8EE325AE3E54e83956eF2d5952d3C8Bc1fa6ec27
1,Otherdeed#89785,Otherdeed#89785,0,0x55Fd6C4931654B72d8E0C48E98336ed07951ac08
1,NYM,NYM,6,0x525A8F6F3Ba4752868cde25164382BfbaE3990e1
1,Project Galaxy,GAL,18,0x5fAa989Af96Af85384b8a938c2EdE4A7378D9875
1,Offshift,XFT,18,0xABe580E7ee158dA464b51ee1a83Ac0289622e6be
1,DAFI Token,DAFI,18,0xFc979087305A826c2B2a0056cFAbA50aad3E6439
1,CoolDogsLounge,CDL,18,0x29e91418F2111621Bd6bAf1c468334c18F44432a
1,Fasttoken,FTN,18,0xaeDf386B755465871fF874E3E37Af5976E247064
1,Optimoon,OPM,9,0x6Edbb979A4bc15AED7A89c8221459142c1d180ca
1,BonsAI,BON,18,0xe62561f131F6829dE079cA2966b88DF1335F6EE9
1,Oraichain Token,ORAI,18,0x4c11249814f11b9346808179Cf06e71ac328c1b5
1,Unification,FUND,9,0xe9B076B476D8865cDF79D1Cf7DF420EE397a7f75
1,Truebit,TRU,18,0xf65B5C5104c4faFD4b709d9D60a185eAE063276c
1,LCX,LCX,18,0x037A54AaB062628C9Bbae1FDB1583c195585fe41
1,JOYWORLD JOYsmilies,JOYsmiley,0,0x1f94EBd13201A9f39c6827CCcFC8559f500Ba653
1,Levitating Dots,dots,0,0xc8b724Da0D54dC8cD2B36eeA964691419165Cc00
1,Realio Network,RIO,18,0xf21661D0D1d76d3ECb8e1B9F1c923DBfffAe4097
1,ParaSpace Derivative Token cAPE,pcAPE,18,0xDDDe38696FBe5d11497D72d8801F651642d62353
1,Euro Coin,EUROC,6,0x1aBaEA1f7C830bD89Acc67eC4af516284b1bC33c
1,Beanz,BEANZ,0,0x306b1ea3ecdf94aB739F1910bbda052Ed4A9f949
1,Civic,CVC,8,0x41e5560054824eA6B0732E656E3Ad64E20e94E45
1,The Uncharted,TUN,9,0xAAbaEBe5164c1D179fE0E6191e4Ae3d67fdC331A
1,Whiko NFT,Whiko,0,0x4a793Dff8DB7717fA042C5a71CBdaEe883016Ba6
1,HsGenesisPass,HS,0,0xCC98265CD2E662965EEe82a6F71CD1550A427beb
1,New Order,NEWO,18,0x98585dFc8d9e7D48F0b1aE47ce33332CF4237D96
1,SelfKey,KEY,18,0x4CC19356f2D37338b9802aa8E8fc58B0373296E7
1,Dope Coin,DOPE,9,0xDb529C2A773aD4f65712F13a50941Fa78eB2146a
1,Olympus,OHM,9,0x64aa3364F17a4D01c6f1751Fd97C2BD3D7e7f1D5
1,Ultra Token,UOS,4,0xD13c7342e1ef687C5ad21b27c2b65D772cAb5C8c
1,Fridoos_NFT,FRIDOO,0,0x8A43094a807f5eE87D0c2809B1BEF32625787F9A
1,PickleToken,PICKLE,18,0x429881672B9AE42b8EbA0E26cD9C73711b891Ca5
1,AllianceBlock Token,ALBT,18,0x00a8b738E453fFd858a7edf03bcCfe20412f0Eb0
1,Chappie AI,CHAPPIE,18,0x6CFAA94F9f9aAa37CfA0ae9579Bd8ADc5Ffe0Ae8
1,7th Letter,SEVEN,9,0x7bD2638253Ee4bbb6D685DDab14e1a101ADeafe6
1,Pundi X Token,PUNDIX,18,0x0FD10b9899882a6f2fcb5c371E17e70FdEe00C38
1,BearsOnTheBlock,BEAR,0,0x02AA731631c6D7F8241d74F906f5b51724Ab98F8
1,Terra Virtua Kolect,TVK,18,0xd084B83C305daFD76AE3E1b4E1F1fe2eCcCb3988
1,TrueUSD,TUSD,18,0x0000000000085d4780B73119b644AE5ecd22b376
1,Zerion DNA 1.0,DNA,0,0x932261f9Fc8DA46C4a22e31B45c4De60623848bF
1,Gods Unchained,GODS,18,0xccC8cb5229B0ac8069C51fd58367Fd1e622aFD97
1,Alexa AI,AAI,9,0xc1be00622F88b4658cD658d4C91937FD8aC4e7e8
1,Metis Token,Metis,18,0x9E32b13ce7f2E80A01932B42553652E053D6ed8e
1,Astral AI Project,ASTRAL,18,0xC74B43cC61b627667a608c3F650c2558F88028a1
1,AMFERS,AMFER,0,0x2e59d058cb6b391C68dd1e441a42b04230536BF4
1,E-RADIX,eXRD,18,0x6468e79A80C0eaB0F9A2B574c8d5bC374Af59414
1,HAVAH,HVH,18,0xd076C4Ba62c57b3Fa10800bcfD8dA66742110E0E
1,GigaSwap,GIGA,9,0x83249c6794BCa5a77Eb8c0AF9F1A86E055459cea
1,,,0,0xDF74156420Bd57ab387B195ed81EcA36F9fABAca
1,Bend interest bearing WETH,bendWETH,18,0xeD1840223484483C0cb050E6fC344d1eBF0778a9
1,StakeWise,SWISE,18,0x48C3399719B582dD63eB5AADf12A40B4C3f52FA2
1,Status Network Token,SNT,18,0x744d70FDBE2Ba4CF95131626614a1763DF805B9E
1,CATASTROPHY CLUB,CATS,0,0xCFf930C9b42b13Ca7815CD23eEc14C835990f2d1
1,XCAD Token,XCAD,18,0x7659CE147D0e714454073a5dd7003544234b6Aa0
1,PYR Token,PYR,18,0x430EF9263E76DAE63c84292C3409D61c598E9682
1,0x0.ai: AI Smart Contract Auditor,0x0,9,0x5a3e6A77ba2f983eC0d371ea3B475F8Bc0811AD5
1,AlliToken,ALIT,18,0xfeC1408fa5eF2A57c4f46EDb3c105Ff3804AC5d6
1,Kawakami,KAWA,9,0x5552E5a89A70cB2eF5AdBbC45a6BE442fE7160Ec
1,BullsOnTheBlock Evo,EVOBOTB,0,0x6069a6C32cf691F5982FEbAe4fAf8a6f3AB2F0F6
1,HACHI,HACHI,18,0x2a7e415C169cE3a580c6F374Dc26f6Aaad1EccFe
1,Global Currency Restart,GCR,18,0x50f7517029c505933cb5D6e9c897245226f4317b
1,BullsOnTheBlock,BOTB,0,0x3a8778A58993bA4B941f85684D74750043A4bB5f
1,GreenSatoshiToken,GST,8,0x473037de59cf9484632f4A27B509CFE8d4a31404
1,PolkaFoundry,PKF,18,0x8B39B70E39Aa811b69365398e0aACe9bee238AEb
1,Dogechain Token,DC,18,0x7B4328c127B85369D9f82ca0503B000D09CF9180
1,Lilverse NFT,LILS,0,0x9ca39A51737Fc46fdE7d94CD694f9AD06A48fcbe
1,WCAPES Mundial,MUN,0,0x23F0512c871C1435F7B3a32dF5E1616Adc3eEB0A
1,tomi Token,TOMI,18,0x4385328cc4D643Ca98DfEA734360C0F596C83449
1,Staked Skeb,stSKB,18,0x0d30A2A29FdbD4F1683769cDC3DDB374562aDcDe
1,WEMIX TOKEN,WEMIX,18,0x2c69095d81305F1e3c6ed372336D407231624CEa
1,Neural Radiance Field,NeRF,18,0xaF8942831F3A096f708b8b31F191B8958Cf176c5
1,Portrait — 01100001 01101001,0110000101101001,0,0x129C45d0359417517436920ffb3CF78E410daECd
1,LUFFY,LUFFY,9,0x7121D00b4fA18F13Da6c2e30d19C04844E6AfDC8
1,Wrapped TON Coin,TONCOIN,9,0x582d872A1B094FC48F5DE31D3B73F2D9bE47def1
1,Escrowed Illuvium 2,sILV2,18,0x7E77dCb127F99ECe88230a64Db8d595F31F1b068
1,XSGD,XSGD,6,0x70e8dE73cE538DA2bEEd35d14187F6959a8ecA96
1,Base,BASE,18,0xA76b22F40355C06389821c5DB4c6E8aE2Aa50c52
1,Wasder Token,WAS,18,0x0c572544a4Ee47904d54aaA6A970AF96B6f00E1b
1,NuoChip,NuoChip,0,0x4D680c29cDDDdFA17A5317F0CEEc08d0463912b2
1,Telcoin,TEL,2,0x467Bccd9d29f223BcE8043b84E8C8B282827790F
1,Chimpers,CHIMP,0,0x80336Ad7A747236ef41F47ed2C7641828a480BAA
1,AusdToken,AUSD,18,0xb7135877cd5D40AA3b086ac6f21c51bbAfbBB41F
1,Koi Token,KOI,18,0xe84d9e32dC8cE819b8D6c83e50EDAfD46c6354dB
1,Ferrum Network Token,FRM,6,0xE5CAeF4Af8780E59Df925470b050Fb23C43CA68C
1,Business Platform Tomato Coin,BPTC,8,0x05237E2bd2dfAb39a135d254cABAE94b183C8baD
1,ZodiacCapsule,ZODIACCAPSULE,0,0x35E1402Fa69C60851EA8b86f04d823ff41796a51
1,SnoozeToken,$SNOOZE,0,0xe2efbb43fe5DF9249987d6700b3a323398170B41
1,VoxNET,$VXON,4,0x048Aa6E69D5117BD665aF4128383a6982B8367b3
1,Mikawa Inu,MIKAWA,9,0x0888Fd2960Ddf57Cfb561B59d73Dd2b9524F6A26
1,YYYYYYY,Yx7,9,0x54226147D072c7c2A60911a98141Ee3B9Cc75c05
1,AdEx Network,ADX,18,0xADE00C28244d5CE17D72E40330B1c318cD12B7c3
1,FOCCER TOKEN,FOCCER,9,0x59203358D7DDfE80e0ABe75B0aa534BC4d22AA7F
1,Uniswap V2,UNI-V2,18,0x97BE09f2523B39B835Da9EA3857CfA1D3C660cBb
1,Sora Token,XOR,18,0x40FD72257597aA14C7231A7B1aaa29Fce868F677
1,Gelato Network Token,GEL,18,0x15b7c0c907e4C6b9AdaAaabC300C08991D6CEA05
1,VetMe,VetMe,9,0xe7eF051C6EA1026A70967E8F04da143C67Fa4E1f
1,PLUS,PLUS,18,0xb871Ec8EC8c05bFE0bdB0C27bC581900bF71653c
1,Euler,EUL,18,0xd9Fcd98c322942075A5C3860693e9f4f03AAE07b
1,XUSD Prime Coin,XUSDP,18,0xA1F7C9c6d19e2D0BF20729CB0BF03338A90bEd9b
1,Reputational AllianceBlock Token,rALBT,18,0x46a9459d34EaeEAb4E792E5238298d4e15261CA1
1,KyberSwap v2 Reinvestment Token,KS2-RT,18,0xe6bcB55f45aF6a2895FaDBD644cED981BfA825cb
1,Mifairy Maker,MIFAIRY,0,0x67B5eE6e29a4230177Dda07AD7848e42d89cF9a0
1,IPOR Token,IPOR,18,0x1e4746dC744503b53b4A082cB3607B169a289090
1,AtticNFT,Attic,0,0x52eC32067651CC6a73B89fBe813BefD24Edb53E8
1,DecentraBNB,DBNB,9,0x833850BE8858722Cfc5E5e75f2Fe6275E055d888
1,Sandbox's LANDs,LAND,0,0x5CC5B05a8A13E3fBDB0BB9FcCd98D38e50F90c38
1,Ryoshis Vision,RYOSHI,18,0x777E2ae845272a2F540ebf6a3D03734A5a8f618e
1,Offshift,XFT,18,0x76BC677d444f1E9d57dAf5187ee2b7dC852745aE
1,Akita Inu,AKITA,18,0x3301Ee63Fb29F863f2333Bd4466acb46CD8323E6
1,Baby Doge Coin,BabyDoge,9,0xAC57De9C1A09FeC648E93EB98875B212DB0d460B
1,Utrust Token,UTK,18,0xdc9Ac3C20D1ed0B540dF9b1feDC10039Df13F99c
1,Genuine Undead,GU,0,0x209e639a0EC166Ac7a1A4bA41968fa967dB30221
1,FunFair,FUN,8,0x419D0d8BdD9aF5e606Ae2232ed285Aff190E711b
1,SchwiftAI,SWAI,18,0x3540DFCaD7CF102a2E44AA0e2132FAb1c89d7eAe
1,a KID called BEAST,AKCB,0,0x77372a4cc66063575b05b44481F059BE356964A4
1,THE CHARITY PROTOCOL,TCP,18,0x7cD1000ef09A0fe6E99b26a21491EB6AEb412932
1,SHIKOKU INU,SHIK,18,0x24dA31e7BB182cb2cABfEF1d88db19C2AE1f5572
1,Delegated st1INCH,dst1INCH,18,0xAccfAc2339e16DC80c50d2fa81b5c2B049B4f947
1,Himoe,HME,0,0x2F18ccd28acF8B35ecdae402080f5546d5eEB926
1,PulseDogecoin,PLSD,12,0x34F0915a5f15a66Eba86F6a58bE1A471FB7836A7
1,Golem Network Token,GLM,18,0x7DD9c5Cba05E151C895FDe1CF355C9A1D5DA6429
1,Rokos Basilisk,BASILISK,18,0xAf01235Ffa7E5B836E6055b79f805FF9b958CcB7
1,Acria Token,ACRIA,18,0x44F5909E97E1CBf5FBbDF0FC92FD83cde5d5c58A
1,Wootrade Network,WOO,18,0x4691937a7508860F876c9c0a2a617E7d9E945D4B
1,Hegic,HEGIC,18,0x584bC13c7D411c00c01A62e8019472dE68768430
1,PawZaar,PawZ,18,0x195D98EBB69dF0DcE2eEE2A790550Ed84cCA25cE
1,Shibarium DAO,SHIBDAO,18,0x15316d2438A8D7D534e4233B8E0edacD64c9FCde
1,Swapify,SWIFY,9,0x9C7376b5060C47E555f5F53005aA3D5A7C66f2fB
1,MPL,MPL,0,0x139732c3f717071843f90977D93400393BdF9664
1,Kryxivia Coin,KXA,18,0x2223bF1D7c19EF7C06DAB88938EC7B85952cCd89
1,Smart game,SMART,18,0xce20BB92CCF9BbF5091ef85649E71E552819AD8c
1,OxyaOriginProject,OXYA,0,0xE106C63E655dF0E300b78336af587F300Cff9e76
1,PudgyPresent,PP,0,0x062E691c2054dE82F28008a8CCC6d7A1c8ce060D
1,Ghost Boy,GHOST,0,0x63217dbB73e7a02C1D30F486E899ee66d0aA5e0b
1,GraphLinq,GLQ,18,0x9F9c8ec3534c3cE16F928381372BfbFBFb9F4D24
1,Cat-in-a-Box Fee Token,boxFEE,18,0xE4B91fAf8810F8895772E7cA065D4CB889120f94
1,dotmoovs,MOOV,18,0x24EC2Ca132abf8F6f8a6E24A1B97943e31f256a7
1,THORSwap Token,THOR,18,0xa5f2211B9b8170F694421f2046281775E8468044
1,aleph.im v2,ALEPH,18,0x27702a26126e0B3702af63Ee09aC4d1A084EF628
1,BitDAO,BIT,18,0x1A4b46696b2bB4794Eb3D4c26f1c55F9170fa4C5
1,Valhalla,VAL,0,0x231d3559aa848Bf10366fB9868590F01d34bF240
1,Voxel X Network,VXL,18,0x16CC8367055aE7e9157DBcB9d86Fd6CE82522b31
1,Scribbles,SCRIBBLES,0,0x4094eA5312ACF241d3c52089fD84544E7fDC0D68
1,@EthernityChain $ERN Token,ERN,18,0xBBc2AE13b23d715c30720F079fcd9B4a74093505
1,Flys Alpha Access Pass,FLY,0,0x152F04b930F9902471dDcba278c28Bd51448Fd17
1,Yurei Key,YUKEY,0,0xaC07B10340318A47E6396Bbec0B92611c865D8Cd
1,PixiaAI,PIXIA,18,0x67675239Fa58c84e75f947c14f566842Dccb69Ae
1,Equinox Collection,FAE,0,0x360e63C77Ae3bBaD546e85d2f7Ba7e6C98A2aBfE
1,ZKGambit,ZKG,18,0x71348c04a992c3315EBC87Cc6Ed7e70EA13f6C79
1,This Artwork Is Subject To Change,TAISTC,0,0x6609e542E0626Bc3fC2110F0ead172030fbe97Ab
1,BAP Methane,METH,0,0xED5464bd5c477b7F71739Ce1d741b43E932b97b0
1,9 Lives Network,NineFi,18,0xe78BFF28D3c5195C752E734E95421bb4bd742f1d
1,The Plague,FROG,0,0x8c3FB10693B228E8b976FF33cE88f97Ce2EA9563
1,Gnosis Token,GNO,18,0x6810e776880C02933D47DB1b9fc05908e5386b96
1,s3asonz - autumn,szaut,0,0x94729B19661FDa8f50495ebbc897f6bFf7B40477
1,Larry Coin,LRB,18,0x890bD58e675fBE1c28fF46f6162D99C77bF0A312
1,CryptoAI,CAI,18,0xf36C5f04127F7470834ed6f98bDDC1BE62aba48D
1,Wellness Inu,WNI,2,0x4a7cbbde77739b64fa81b79a1a0b140cf4dF678B
1,Wilder,WILD,18,0x2a3bFF78B79A009976EeA096a51A948a3dC00e34
1,Childhoods End,O,18,0xb53ecF1345caBeE6eA1a65100Ebb153cEbcac40f
1,Realms (for Adventurers),LootRealm,0,0x7AFe30cB3E53dba6801aa0EA647A0EcEA7cBe18d
1,Cool Cats,COOL,0,0x1A92f7381B9F03921564a437210bB9396471050C
1,My Pet Hooligan,MPH,0,0x09233d553058c2F42ba751C87816a8E9FaE7Ef10
1,NOWAI,$NOWAI,18,0x987441856BA4f463544FC68ccBF6a80F434a7956
1,Atlas Navi,NAVI,18,0xFc1C93a2507975E98b9d0E9260Ded61A00152BF1
1,Governance OHM,gOHM,18,0x0ab87046fBb341D058F17CBC4c1133F25a20a52f
1,Kanpai Pandas,YKPS,0,0xaCF63E56fd08970b43401492a02F6F38B6635C91
1,Capsule,CAPSULE,0,0xfcB1315C4273954F74Cb16D5b663DBF479EEC62e
1,BTRST,BTRST,18,0x799ebfABE77a6E34311eeEe9825190B9ECe32824
1," Jinushigami "," JIMI",9,0x28FEAC4a686133910b4b8daCa83d7Db5CadDC264
1,Blockchain Bets,BCB,9,0x2d886570A0dA04885bfD6eb48eD8b8ff01A0eb7e
1,byteGANs,BYTE,0,0x45C67B2b81067911dE611e11FC5c7a4605cA4162
1,Triall,TRL,18,0x58f9102bF53Cf186682Bd9a281d3Cd3c616eEc41
1,Highstreet token,HIGH,18,0x71Ab77b7dbB4fa7e017BC15090b2163221420282
1,Aave interest bearing USDT,aUSDT,6,0x3Ed3B47Dd13EC9a98b44e6204A523E766B225811
1,Regent,RGN,18,0xFDDF7FaB10Cfe686C9346561fd15015756BD55f4
1,MemeDao.AI,MDAI,18,0xf6043bEa98B07F0bEa7813aeB22D0cb70C91C0c4
1,milkAI,milkAI,8,0x9f826324bb9BdcF7E7Eb274BEDc417BD45D74F39
1,Terraforms,TERRAFORMS,0,0x4E1f41613c9084FdB9E34E11fAE9412427480e56
1,Cellframe Token,CELL,18,0x26c8AFBBFE1EBaca03C2bB082E69D0476Bffe099
1,HILO,HILO,18,0xbb9FD9Fa4863C03c574007fF3370787B9cE65ff6
1,Ether McZilla,RAWR,8,0x020Ad8114938AE5aE5D2Cd9FF61D0549F65e23eD
1,Fridge Fame,FF,0,0x080c23415Bd7f11fd8CAea9D132a89E866028AF3
1,Lyra Token,LYRA,18,0x01BA67AAC7f75f647D94220Cc98FB30FCc5105Bf
1,GutaraMania,GM,0,0x42269Ed1E347494A978EA90Bc48323E28E2D474D
1,ShiBet,SBET,18,0x14C256e65300026b76247E45554Bb645c2c294fF
1,NuCypher,NU,18,0x4fE83213D56308330EC302a8BD641f1d0113A4Cc
1,GullyDonsEC,GullyDonsEC,0,0x84BC20d82a39CC12207Fdc8983795CE24E8f7305
1,CudosToken,CUDOS,18,0x817bbDbC3e8A1204f3691d14bB44992841e3dB35
1,Fintoch DC,FTH-DC,18,0x29BC8Ab14CAA6C1f6Ec9c82805ee94ccca9Bde90
1,Balancer Aave Boosted StablePool,bb-a-USD,18,0xA13a9247ea42D743238089903570127DdA72fE44
1,Curve CRV-ETH,crvCRVETH,18,0xEd4064f376cB8d68F770FB1Ff088a3d0F3FF5c4d
1,Bored Ape Golf Club,BAGC,0,0xa4871Fee6118387959d4c935a91095c99081b7e5
1,Quantstamp Token,QSP,18,0x99ea4dB9EE77ACD40B119BD1dC4E33e1C070b80d
1,Bifrost,BFC,18,0x0c7D5ae016f806603CB1782bEa29AC69471CAb9c
1,bAlpha,bALPHA,18,0x7a5ce6abD131EA6B148a022CB76fc180ae3315A6
1,DexSpy ," $DEXS",9,0x6949c15B924E85Ed8A8b8811D42469460cB85F00
1,TABZ,TABZ,0,0xFF72F37aA4EAe3B7e1752e25DB85b209f12c1A33
1,Chroma,CHR,6,0x8A2279d4A90B6fe1C4B30fa660cC9f926797bAA2
1,Pseudo Krakens,PSEUDO,0,0x6389936FAC235a4FADF660Ca5c428084115579Bb
1,Thrupenny,TPY,8,0x968Cbe62c830A0Ccf4381614662398505657A2A9
1,OMGToken,OMG,18,0xd26114cd6EE289AccF82350c8d8487fedB8A0C07
1,AirTor Protocol,ATOR,18,0x0F7B3F5a8FeD821c5eb60049538a548dB2D479ce
1,VolatileV2 AMM - SOLID/WETH,vAMM-SOLID/WETH,18,0x642431623AE5d73C19fC931aAeA0d4677303880c
1,Wrapped MIR Token,MIR,18,0x09a3EcAFa817268f77BE1283176B946C4ff2E608
1,FTT,FTX Token,18,0x50D1c9771902476076eCFc8B2A83Ad6b9355a4c9
1,Wrapped NXM,wNXM,18,0x0d438F3b5175Bebc262bF23753C1E53d03432bDE
1,CelerToken,CELR,18,0x4F9254C83EB525f9FCf346490bbb3ed28a81C667
1,Maple Token,MPL,18,0x33349B282065b0284d756F0577FB39c158F935e6
1,Shibarium Name Service,SNS,18,0xEa4a2327E75252517535fd013b7C6706609819DB
1,VectorspaceAI,VXV,18,0x7D29A64504629172a429e64183D6673b9dAcbFCe
1,The Janitors Closet,jc,0,0xC84ae2595639ac7010520d9195a7dC4435CcaC8E
1,Robonomics,XRT,9,0x7dE91B204C1C737bcEe6F000AAA6569Cf7061cb7
1,Shibkind,SBK,9,0xf24A0774BeC54262E2B597D23B0ee7fD0Bf832d5
1,X Rabbits Club,XRC,0,0x534D37C630b7e4d2A6C1E064F3a2632739e9EE04
1,StarLink,STARL,18,0x8E6cd950Ad6ba651F6DD608Dc70e5886B1AA6B24
1,Kishu Inu,KISHU,9,0xA2b4C0Af19cC16a6CfAcCe81F192B024d625817D
1,Kable,KABLE,18,0xC22340A06659DD0434E92619548120C0A7328Dd8
1,Red Rabbit,RR,18,0xfe98C2B85cAaFE841ca7Fa8b3B912a178A3f68eD
1,NOIA Token,NOIA,18,0xa8c8CfB141A3bB59FEA1E2ea6B79b5ECBCD7b6ca
1,Sorare,SOR,0,0x629A673A8242c2AC4B7B8C5D8735fbeac21A6205
1,MXUP,MXUP,0,0xABde79dD26C5377C63eC8b2b6BFD926F2C1c6c19
1,Star Pacific Coin,💲PC,1,0xcF7d119BCb6822283003adc7c1a40E9ae7097B75
1,MC Donald,MCDONALD,9,0x74c8EDfb156f6C3e2B98fd0FD08E1143EE982fD0
1,CERE Network,CERE,10,0x2dA719DB753dFA10a62E140f436E1d67F2ddB0d6
1,Stargate Ether Vault,SGETH,18,0x72E2F4830b9E45d52F80aC08CB2bEC0FeF72eD9c
1,TribeOne,HAKA,18,0xD85AD783cc94bd04196a13DC042A3054a9B52210
1,Unicorn Power,UP,18,0x1e31B601488e97bc247C57AF7B6Aa336edBc5477
1,PoS-32,POS32,18,0x8eb5bD8c9Ab0F8ad28e94693F3c889F490bE2aB0
1,Curve.fi Factory Crypto Pool: STG/USDC,STGUSDC-f,18,0xdf55670e27bE5cDE7228dD0A6849181891c9ebA1
1,nineties,NTS,0,0xAc5Aeb3b4Ac8797c2307320Ed00a84B869ab9333
1,Staking 1INCH v2,st1INCH,18,0x9A0C8Ff858d273f57072D714bca7411D717501D7
1,Altered State Machine Utility Token,ASTO,18,0x823556202e86763853b40e9cDE725f412e294689
1,PoorPleb,PP,18,0x9565c2036963697786705120Fc59310F747bCfD0
1,NFT Loan Ticket,NFTP,0,0x0E258c84Df0f8728ae4A6426EA5FD163Eb6b9D1B
1,SATOSHIS VISION,SATS,9,0x6C22910c6F75F828B305e57c6a54855D8adeAbf8
1,Gera,GERA,18,0x80d4F13AcC30968fD6225b1Ea79f5779f09FEE60
1,Revest,RVST,18,0x120a3879da835A5aF037bB2d1456beBd6B54d4bA
1,DinoLFG,DINO,18,0x49642110B712C1FD7261Bc074105E9E44676c68F
1,Sevens Token,SEVENS,0,0xf497253C2bB7644ebb99e4d9ECC104aE7a79187A
1,1eco coin,1ECO,18,0x1Af2eAEAf2B1d9dDA800861268e6bbB3995a6C3b
1,BarnBridge Governance Token,BOND,18,0x0391D2021f89DC339F60Fff84546EA23E337750f
1,KOMPETE Token,KOMPETE,10,0x1E0b2992079B620AA13A7c2E7c88D2e1E18E46E9
1,Baby Shi Token,BabyShi,18,0xf7cd4eC76ad1114fE6D1a48aB925Ae0f95bC4601
1,Murakami Lucky Cat Coin Bank Feeding Game Winners,winner,0,0x963045ab5A193956641c84A320B89264ec1f324b
1,Calvaria: Duels of Eternity,RIA,18,0x9b110Fda4E20DB18Ad7052f8468a455de7449eb6
1,Planet COCO Universe,COCO,0,0x5dee90cA7AeA1dF95075Ea8B417bB497A36B3CF3
1,k21.kanon.art,K21,18,0xB9d99C33eA2d86EC5eC6b8A4dD816EBBA64404AF
1,Aave Ethereum WETH,aEthWETH,18,0x4d5F47FA6A74757f35C14fD3a6Ef8E3C9BC514E8
1,mbsjq,mbsjq,0,0x130be08C513524139eE1f4850BaEb3fFd5FC657c
1,DOVU,DOV,18,0xac3211a5025414Af2866FF09c23FC18bc97e79b1
1,GameDisease,GD,0,0x6023Da5C4ED130E73cd816ec931B562Db2c346bB
1,Tether,USDT,10,0x40331EB48D295D35bE0E05169d4bd1428c0853BD
1,Swarm Markets,SMT,18,0xB17548c7B510427baAc4e267BEa62e800b247173
1,Life Crypto,LIFE,18,0x6c936D4AE98E6d2172dB18c16C4b601C99918EE6
1,pNetwork Token,PNT,18,0x89Ab32156e46F46D02ade3FEcbe5Fc4243B9AAeD
1,LaCollection,LAC,0,0x405cA66eb6215ECc7941EbFfd6d391F1845438EE
1,Bankless Token,BANK,18,0x2d94AA3e47d9D5024503Ca8491fcE9A2fB4DA198
1,Clover,CLV,18,0x80C62FE4487E1351b47Ba49809EBD60ED085bf52
1,Kyber Network Crystal v2,KNC,18,0xdeFA4e8a7bcBA345F687a2f1456F5Edd9CE97202
1,Curve.fi Factory Crypto Pool: CNC/ETH,CNCETH-f,18,0xF9835375f6b268743Ea0a54d742Aa156947f8C06
1,Wrapped NCG,WNCG,18,0xf203Ca1769ca8e9e8FE1DA9D147DB68B6c919817
1,Digits,DIGITS,18,0xBE56ab825fD35678A32dc35bc4EB17e238e1404F
1,BudBlockz,BLUNT,18,0xe5d4988A644EF97f58583BaC42285090924417D0
1,WadzPay Token,WTK,18,0x4cfF49d0A19ed6Ff845a9122fa912AbcFB1F68A6
1,Consumer Price Index,CPI,18,0x8bb08042c06FA0Fc26cd2474C5F0C03a1056Ad2F
1,Pl^g Token,PLUG,18,0x47DA5456bC2e1ce391b645Ce80F2E97192e4976a
1,Teh Fund,FUND,18,0x7d8d7c26179b7A6aebbF66A91C38ED92d5B4996b
1,StorjToken,STORJ,8,0xB64ef51C888972c908CFacf59B47C1AfBC0Ab8aC
1,Ready to BAGC,Ready to BAGC,0,0x2E567C2231D44f0cb6513751f1f1afD9A34cC6E3
1,$Poolz Finance,POOLZ,18,0x69A95185ee2a045CDC4bCd1b1Df10710395e4e23
1,LUNA,LUNA,6,0xbd31EA8212119f94A611FA969881CBa3EA06Fa3d
1,Joumeijin,JOUME,0,0x3591aF9168C0049ed9ee63fC0EE5713657A953c9
1,Presearch,PRE,18,0xEC213F83defB583af3A000B1c0ada660b1902A0F
1,Borrower Note Ticket,NFTB,0,0xbD85BF4C970b91984e6A2b8Ba9C577A58A8C20f9
1,Aave interest bearing WBTC,aWBTC,8,0x9ff58f4fFB29fA2266Ab25e75e2A8b3503311656
1,PeerEx Network,PERX,18,0x3C6ff50c9Ec362efa359317009428d52115fe643
1,Efinity Token,EFI,18,0x656C00e1BcD96f256F224AD9112FF426Ef053733
1,HOPE,HOPE,0,0xC4973de5eE925b8219f1E74559FB217A8e355EcF
1,HUGO x IO,HUGOXIO,0,0xe4D20bc4A845aa35B008f5F9f85E50b581dF7263
1,STASIS EURS Token,EURS,2,0xdB25f211AB05b1c97D595516F45794528a807ad8
1,Lilly Finance,Ly,9,0x8686525d6627A25C68De82c228448f43c97999F2
1,The Happy Pill,BEAM,9,0xcbe6C3F94e086b16E4bd57fF8F4056700E86c111
1,Merch of Bored Ape Golf Club,BAGC Merch,0,0x76dA061822d9ed2dEa9Bb3BB0d29482625E7516B
1,Orbs,ORBS,18,0xff56Cc6b1E6dEd347aA0B7676C85AB0B3D08B0FA
1,Qmall Token,QMALL,18,0x2217e5921B7edfB4BB193a6228459974010D2198
1,The Razors Edge,FreqAI,18,0xB685145D7F127b9093d7f9278BaE902EF59Ff486
1,Neko Maker,NKM,0,0xE8d6D7F4C5AB7cEA0FF1c26C7B72dF0d29553816
1,excotro.,ex-co-tro.,0,0x56D3e1eBEc2a37570C9b3c1fb77B9C75476d7Af9
1,Graffiti Girl,GG,0,0x52683Ca806B74D04704e18Ad7708F090C283CE06
1,BandToken,BAND,18,0xBA11D00c5f74255f56a5E366F4F77f5A186d7f55
1,SENATE,SENATE,18,0x34Be5b8C30eE4fDe069DC878989686aBE9884470
1,Trace Token,TRAC,18,0xaA7a9CA87d3694B5755f213B5D04094b8d0F0A6F
1,Bird.Money,BIRD,18,0x70401dFD142A16dC7031c56E862Fc88Cb9537Ce0
1,Alcazar,ALCAZAR,18,0x10f44a834097469AC340592d28c479c442E99bFe
1,UniBright,UBT,8,0x8400D94A5cb0fa0D041a3788e395285d61c9ee5e
1,Paint,PAINT,18,0x4C6eC08CF3fc987c6C4BEB03184D335A2dFc4042
1,0x6E39A587691b8c9D4341cE0A960998ED6F537AF6,MEMAG,18,0x23394627aC966Af8B46CC6B4DB9e8A144FAa8B83
1,DigiDaigakuHeroes,DIHE,0,0xA225632b2EBc32B9f4278fc8E3FE5C6f6496D970
1,IamGroot,GROOT,0,0x92664D2c3D2F0f06CB69BEd64a52F278d3d83e4e
1,Million,MM,18,0x6B4c7A5e3f0B99FCD83e9c089BDDD6c7FCe5c611
1,Guild of Guardians,GOG,18,0x9AB7bb7FdC60f4357ECFef43986818A2A3569c62
1,Streamr (old),XDATA,18,0x0Cf0Ee63788A0849fE5297F3407f701E122cC023
1,OBEM,OBEM,18,0xecB5f7E45c252324baa77D29ce5f83780fD62Ce5
1,The Connors,CNRS,0,0x0Be697Ce3F41508510ccf502C55C37990274f05E
1,Aave variable debt bearing USDC,variableDebtUSDC,6,0x619beb58998eD2278e08620f97007e1116D5D25b
1,Avium Origins,AOG,0,0xF9afcbd52c19ceF59c6de6944977ECa95c3850Dd
1,Inverse DAO,INV,18,0x41D5D79431A913C4aE7d69a668ecdfE5fF9DFB68
1,Chain,XCN,18,0xA2cd3D43c775978A96BdBf12d733D5A1ED94fb18
1,OnChain Human Of Metaverse,HOM,0,0xb609183A8245C32fA3C60c498bB54010e9Ce8e85
1,MetaUserDAO,MUD,6,0x9DC7e4dC7F3F22A897D00DFe5B55f10C174019D5
1,DefiPulse Index,DPI,18,0x1494CA1F11D487c2bBe4543E90080AeBa4BA3C2b
1,MixVersePasscard,Passcard,0,0x7fAC653416159c6Dc9E6743fa9BdC51CA03329f7
1,KREEPY CLUB,KREEPS,0,0xBBa205283253E7aDB8Be4A0b03600c9AB4924974
1,HMN5,HMN5,0,0x32fC5Bcabc1F78308be11754493c49116c0fa35f
1,Curve.fi USD-BTC-ETH,crv3crypto,18,0xc4AD29ba4B3c580e6D59105FFf484999997675Ff
1,TOKYO PUNKS | BAD BUNNIES by SABET,TKPBB,0,0xE51cD2C2C9FC73ddC814aAb181b7bE4E1C6E2e49
1,Bend Token,BEND,18,0x0d02755a5700414B26FF040e1dE35D337DF56218
1,Concentrator Token,CTR,18,0xb3Ad645dB386D7F6D753B2b9C3F4B853DA6890B8
1,Curve CVX-ETH,crvCVXETH,18,0x3A283D9c08E8b55966afb64C515f5143cf907611
1,Uniswap V2,UNI-V2,18,0x98B57ccE2f7f07E2dA7922DDF18a1E6Ec7b54e63
1,Igor Pang,IGOR,0,0x61f90F4A3fF7B721ED106E6284B946283D797bC5
1,Digits_DividendTracker,Digits_DividendTracker,18,0xAd1b1E9db5A55F0608AD6934BfDa871645090f38
1,Sisters Of Saturn,SoS,0,0x8D54CD5f8F61844067899e52e2A58B7047D24A40
1,NFT Worlds,WRLD,18,0xD5d86FC8d5C0Ea1aC1Ac5Dfab6E529c9967a45E9
1,BOB,BOB,18,0xB0B195aEFA3650A6908f15CdaC7D92F8a5791B0B
1,Zenogakki,ZENO,0,0x6372E41Cd6415261CF38DACCEfeD2f0cc206C282
1,WiBX Utility Token,WBX,18,0xbB97e381F1d1e94ffa2A5844F6875e6146981009
1,Uniswap V2,UNI-V2,18,0x4B1e9A9dE809CE968c7dFB0e66F91bB7D794f3ED
1,Uniswap V2,UNI-V2,18,0xbdF50B6e6Ddb8C9A25B8B676046bB2f732E598A8
1,ParaState Governance Token,STATE,18,0xdC6104b7993e997Ca5f08aCAB7D3AE86E13D20a6
1,Ape Reunion,APE_REUNION,0,0x47f3A38990ca12E39255E959F7D97fBE5906Afd4
1,Brickken,BKN,18,0x0A638F07ACc6969abF392bB009f216D22aDEa36d
1,Modern Muse: Marilyn Monroe x Zeblocks Mint Pass,MMXZE,0,0xfeFEC50E21ed1e32223BB9d08E01B381Bf1d8abC
1,Musaraj Inu,RICE,18,0x58b810780E2c1Cd4c5F1AAA5c5a91BF6adDe6118
1,DeadDegens,DD,0,0x369443A0E62889646b338498D87316252BB5F8c7
1,ShibaDoge,ShibDoge,9,0x6ADb2E268de2aA1aBF6578E4a8119b960E02928F
1,DEXTools,DEXT,18,0xfB7B4564402E5500dB5bB6d63Ae671302777C75a
1,ETH,ETH,18,0x18173aa84cAD23E98c48D4B47b9e06A0D7a2e4F7
1,Half Shiba Inu,SHIB0.5,18,0x8Eb94A06b4716093DBfE335cbdb098DEb2dcdE1b
1,Wise Token,WISE,18,0x66a0f676479Cee1d7373f3DC2e2952778BfF5bd6
1,POLKER,PKR,18,0x001A8Ffcb0f03e99141652eBCdecDb0384E3bd6c
1,BlocksquareToken,BST,18,0x509A38b7a1cC0dcd83Aa9d06214663D9eC7c7F4a
1,AIWORK,AWO,18,0x68C85B9f78F30A0df5aC5723e4e700037f185415
1,Mc Shiba Inu,MCSHIB,9,0x13723C4c5a95D04A396bCC61571d85503CD8aC54
1,Baanx,BXX,18,0x6b1a8f210Ec6b7B6643cea3583Fb0c079f367898
1,Perlin,PERL,18,0xeca82185adCE47f39c684352B0439f030f860318
1,Cheers UP,CUP,0,0x3113A3c04aEBEC2B77eB38Eabf6a2257B580c54B
1,uP,uP,18,0x131bF51e864024DF1982F2cd7B1C786e1A005152
1,QANX Token,QANX,18,0xAAA9214F675316182Eaa21C85f0Ca99160CC3AAA
1,Tabenomics,NHA,0,0x7cF9fE4666Cb911F2e7376E70d964dEAf53Eb7c5
1,Polka City,POLC,18,0xaA8330FB2B4D5D07ABFE7A72262752a8505C6B37
1,EVERY GAME,EGAME,18,0x62d3c05b9C3d916FBC111819bbD3CEE52906C1Ae
1,Curve.fi Factory USD Metapool: Frax,FRAX3CRV-f,18,0xd632f22692FaC7611d2AA1C0D552930D43CAEd3B
1,Patientory,PTOY,8,0x8Ae4BF2C33a8e667de34B54938B0ccD03Eb8CC06
1,Twitterscan Pass,TSP,0,0xD9372167eF419cFBbcD6483603AD15976364e557
1,Bold NFT Token,BNT,18,0x9Aa7A9739DAc996655E62A3d9EceaC0e8555e4b7
1,GenomesDAO,GENE,18,0x21413c119b0C11C5d96aE1bD328917bC5C8ED67E
1,Kromatika,KROM,18,0x3af33bEF05C2dCb3C7288b77fe1C8d2AeBA4d789
1,Bet2Bank,BXB,18,0xB69d946D8cdC5238B0658188e1baBB41b8652A29
1,iEx.ec Network Token,RLC,9,0x607F4C5BB672230e8672085532f7e901544a7375
1,Childhood Dream,RR,18,0xa1A024629a6F2cc1AF4E1Fa674B70996374bF4e8
1,GeneraitivAI,GAI,18,0x0d8ca4b20b115D4DA5c13DC45Dd582A5de3e78BF
1,TEXAN Token,TEXAN,18,0xcFCFfE432A48dB53F59c301422d2EdD77B2A88d7
1,MXCToken,MXC,18,0x5Ca381bBfb58f0092df149bD3D243b08B9a8386e
1,Pixelated Llama,PXLLMA,0,0x9df8Aa7C681f33E442A0d57B838555da863504f3
1,The Ordinal War,THR,0,0xcBA890b4718Fc3f67821EecE841BA314fF554A8f
1,BitTorrent,BTT,18,0xC669928185DbCE49d2230CC9B0979BE6DC797957
1,SKALE,SKL,18,0x00c83aeCC790e8a4453e5dD3B0B4b3680501a7A7
1,BUMP,BUMP,18,0x785c34312dfA6B74F6f1829f79ADe39042222168
1,Based Inu,BASEDINU,18,0xDA0E4c41B8832904CD183BF0aFFc76433Ee84aA8
1,Aavegotchi GHST Token,GHST,18,0x3F382DbD960E3a9bbCeaE22651E88158d2791550
1,ZuckBots,ZB,0,0xD7448cCbA6E1C01A5FBE4748e062c500FCfdF4f2
1,xShib Staked Shiba Inu,xSHIB,18,0xB4a81261b16b92af0B9F7C4a83f1E885132D81e4
1,ESION,ESION,0,0xBCd1a163DEe3AC31342EB6626f28e45d637dD091
1,BitANT,BitANT,18,0x15Ee120fD69BEc86C1d38502299af7366a41D1a6
1,Kabosu Inu,Kabosu Inu,18,0xD34A2051aC17BDD44D76AA84EA7Fcf8419130E55
1,Kryptoria: Weapons,KRYPTORIA,0,0x1522C212757e65E18832183aB8AfE7F89B8abE0A
1,Tether Gold,XAUt,6,0x68749665FF8D2d112Fa859AA293F07A622782F38
1,Wrapped Centrifuge,wCFG,18,0xc221b7E65FfC80DE234bbB6667aBDd46593D34F0
1,Uniswap V2,UNI-V2,18,0xca7c2771D248dCBe09EABE0CE57A62e18dA178c0
1,DIOs Genesis,DIOs Genesis,0,0x3F90D9F9Dd20d751FaE0fDd8f111942778b5dBca
1,UMA Voting Token v1,UMA,18,0x04Fa0d235C4abf4BcF4787aF4CF447DE572eF828
1,Onigiri Neko,ONIGI,9,0xb4615AAD766f6De3c55330099E907fF7F13f1582
1,Sperax,SPA,18,0xB4A3B0Faf0Ab53df58001804DdA5Bfc6a3D59008
1,Atomic Wallet Token,AWC,8,0xaD22f63404f7305e4713CcBd4F296f34770513f4
1,Falcon 9,F9,9,0x38A94e92A19E970c144DEd0B2DD47278CA11CC1F
1,KEEP Token,KEEP,18,0x85Eee30c52B0b379b046Fb0F85F4f3Dc3009aFEC
1,Kyojin Senshi,KYO,0,0xD1B41CF35cb5190f5FE1eAcC6B836bac3e564A99
1,Mirror,Mirror,18,0xAA547910216E7437F3e387217BeABd1640ce5517
1,RiverMen,RM,0,0xcfff4c8c0dF0E2431977EbA7dF3D3De857f4B76e
1,The Monkey and the Leaves,RUSTIC,9,0x57598acebC6638164682502ae9064AbDD1d935A6
1,Neuroni.AI,NEURONI,18,0x922e2708462c7a3d014D8344F7C4d92b27ECf332
1,Nostra AI,NOSTRA,9,0xA813Ac8E0DB2c9Ec28d2b2725461A5765f366eEB
1,Cartesi Token,CTSI,18,0x491604c0FDF08347Dd1fa4Ee062a822A5DD06B5D
1,Zen Bull Strategy,ZenBull,18,0xb46Fb07b0c80DBC3F97cae3BFe168AcaD46dF507
1,DevBox,BOX,9,0x46e345Ae00Bbb8bEaDe3c7D5CAc19Ba14d567a90
1,Liquid Staking Derivatives,LSD,9,0x97D4F49eEb0E2c96d5EbAA71AB8418e563ecd9fd
1,Starcatchers,STAR,0,0x69B9C98e8D715C25B330d0D4eB07e68CbB7F6CFC
1,Adshares,ADS,11,0xcfcEcFe2bD2FED07A9145222E8a7ad9Cf1Ccd22A
1,Rail,RAIL,18,0xe76C6c83af64e4C60245D8C7dE953DF673a7A33D
1,Shibarium Scan,VET,8,0x568d49EB48d895A97c86a305bA7Ed2Ce54E0ec18
1,Beep Boop Battery,BBB,0,0x8407FE3A57b746100A11990c8a4F5604CFd2e955
1,StableV2 AMM - USDC/USDT,sAMM-USDC/USDT,18,0x63A65a174Cc725824188940255aD41c371F28F28
1,TenFTGiraffes,10FTGRF,0,0xB51bf70057C072C6ff803942E44b0D210FdEe2fE
1,VOGUE8SIAN,EXV,0,0xfdDC8E98532d41732D09BbC291bcD0698b21A4Eb
1,Stronger,STRNGR,18,0xDc0327D50E6C73db2F8117760592C8BBf1CDCF38
1,OrdinalShib,ORSHI,18,0x99600E473f5C22BAc25572d5d66b58D0EfB5a44f
1,Bound NFT BAYC,boundBAYC,0,0xDBfD76AF2157Dc15eE4e57F3f942bB45Ba84aF24
1,HAIYA,HAIYA,9,0x8854AC36F67fD4cf4D7c0ba5fd3877F73F64a31C
1,VeeFriends Series 2,VF2,0,0x9378368ba6b85c1FbA5b131b530f5F5bEdf21A18
1,VLX,VLX,18,0x8C543AED163909142695f2d2aCd0D55791a9Edb9
1,Magic Internet Money,MIM,18,0x99D8a9C45b2ecA8864373A26D1459e3Dff1e17F3
1,The Ninja Kingdom Offical,TNJK,0,0xEe3aaf303ec9EdD774BE6c5092F3fAF7F87118EE
1,Curve.fi Factory Crypto Pool: BTRFLY/ETH,BTRFLYETH-f,18,0x7483Dd57f6488b0e194A151C57Df6Ec85C00aCE9
1,Tidal Token,TIDAL,18,0x29CbD0510EEc0327992CD6006e63F9Fa8E7f33B7
1,Goldfinch,GFI,18,0xdab396cCF3d84Cf2D07C4454e10C8A6F5b008D2b
1,MindsyncAI,MAI,18,0x75387e1287Dd85482aB66102DA9f6577E027f609
1,Tokemak,TOKE,18,0x2e9d63788249371f1DFC918a52f8d799F4a38C94
1,Bit Bears,BITB,0,0x32BB5a147b5371Fd901Aa4a72B7F82c58A87e36d
1,Chico Inu,CHICO,9,0x29142b6E61bFBeE6fDD2540Da98FbF997849883F
1,Umbrella,UMB,18,0x6fC13EACE26590B80cCCAB1ba5d51890577D83B2
1,Tribe,TRIBE,18,0xc7283b66Eb1EB5FB86327f08e1B5816b0720212B
1,STARTJPN Ticket,STK,0,0xEee4aD0B82d3417d4EFd519232702Df847BC0A49
1,CRUST,CRU,18,0x32a7C02e79c4ea1008dD6564b35F131428673c41
1,Trending Tools,TTools,18,0xcE22Aea29B242A12d8a0681dd05c8EF9C17763A6
1,Aotu 3D NFT,AotuNFT3D,0,0x0B71Bf99eb8163db9e3D7d3e296C7A6DA7eeeC81
1,Clearpool,CPOOL,18,0x66761Fa41377003622aEE3c7675Fc7b5c1C2FaC5
1,Euler Pool: Wrapped Ether,eWETH,18,0x1b808F49ADD4b8C6b5117d9681cF7312Fcf0dC1D
1,Echain Token,ECT,9,0xda4Dd9586D27202A338843Dd6B9824d267006783
1,CoW Protocol Token,COW,18,0xDEf1CA1fb7FBcDC777520aa7f396b4E015F497aB
1,The Wizard's Hat Premiere,NOUNSSTORIES0001,0,0x21bb74Bb4aab5b28Eb845359f6e21a40c047CCBE
1,BeanBagFrens,BBFRENS,0,0x68Bd8b7C45633de6d7AFD0B1F7B86b37B8a3C02A
1,ZenAcademy Student IDs,ZEN ID,0,0x26D6C3e7aEFCE970fe3BE5d589DbAbFD30026924
1,BorkBot,BORK,18,0xe655A4A9b3541EF9A7A7382b743c3309760D5683
1,RFOX,RFOX,18,0xa1d6Df714F91DeBF4e0802A542E13067f31b8262
1,PORSCHΞ 911,911,0,0xCcDF1373040D9Ca4B5BE1392d1945C1DaE4a862c
1,UnFederalReserveToken,eRSDL,18,0x5218E472cFCFE0b64A064F055B43b4cdC9EfD3A6
1,Uniswap V2,UNI-V2,18,0xb8eb221A6d2E63dAa0Fe6C1FD95De3E246114490
1,STATE OF THE ART by ThankYouX,SOTAX,0,0x2B0BFA93bEb22F44E7c1Be88eFd80396F8D9F1D4
1,WIZ,WIZ,4,0x603778e5e07e180E300bD10df7fA626313a206B2
1,BitSong,BTSG,18,0x05079687D35b93538cbd59fe5596380cae9054A9
1,DSLA,DSLA,18,0x3aFfCCa64c2A6f4e3B6Bd9c64CD2C969EFd1ECBe
1,Aave interest bearing DAI,aDAI,18,0x028171bCA77440897B824Ca71D1c56caC55b68A3
1,TEST NFT,TEST,0,0xD3D9ddd0CF0A5F0BFB8f7fcEAe075DF687eAEBaB
1,McPepe,McPepe,9,0xFd3c77cE0FB15E4a480940D3847709B2148bA1fB
1,void.cash,VCASH,18,0x37cd4E8875E3EDafFDFe9Be63958f07eFfBD0Bfd
1,Staked Frax Ether,sfrxETH,18,0xac3E018457B222d93114458476f3E3416Abbe38F
1,MetaBET,MBET,18,0x37c4822DFcEa7211d1D9876dABd48c62D46dbAAb
1,Kanagawa Nami,Okinami,9,0x1C4853Ec0d55e420002c5eFaBc7Ed8e0bA7A4121
1,East Palestine Crisis Relief Project,EPCRP,0,0xd5D4E13a2db305266822fB71f3837a7bce7C11AB
1,DENT,DENT,8,0x3597bfD533a99c9aa083587B074434E61Eb0A258
1,Curve.fi Factory Crypto Pool: LDO/ETH,LDOETH-f,18,0xb79565c01b7Ae53618d9B847b9443aAf4f9011e7
1,Kingdom,KNDM,18,0x1ae378cC5d38350Ec90cE9bcf827a544cB2BBA75
1,ANGLE,ANGLE,18,0x31429d1856aD1377A8A0079410B297e1a9e214c2
1,Bit Killas,BIKL,0,0xDfa8854e26c9C380224c32cc2B476bA9cE0ffaDA
1,Gemini dollar,GUSD,2,0x056Fd409E1d7A124BD7017459dFEa2F387b6d5Cd
1,Muverse Token,MU,18,0x05030203674173Fa6dF6F9f7E34D6E70E9a761D7
1,Shibainu,SHIBAINU,18,0x4408e1D146a5C0420FaaE24f6e806631A60792C4
1,Shytoshis Vision,DOOR,9,0x2805390F81A7F19c2c49300A094aa500597b1862
1,Shila Inu,SHIL,18,0x20c3fa331A385b63EE39137e99d0cF2db142fCe1
1,VLaunch,VPAD,18,0x51FE2E572e97BFEB1D719809d743Ec2675924EDc
1,Binance Wrapped BTC,BBTC,8,0x9BE89D2a4cd102D8Fecc6BF9dA793be995C22541
1,Loom Token,LOOM,18,0x42476F744292107e34519F9c357927074Ea3F75D
1,Qredo Token,QRDO,8,0x4123a133ae3c521FD134D7b13A2dEC35b56c2463
1,Ai Ecosystem,Ai-Eco,9,0xa298FB01D310E1800847E5Cf812B14f3e0850167
1,Silks - Land,LAND,0,0x6F0a32dC32230BB7ea2CCa432Ae00aFB7922582D
1,Sketchy Ape Comic Club,SACC,0,0xD4DA8D3ac73E519962C4455DC32c067af8D347F2
1,Attack On Doge,ATOD,18,0x8D80fb88F472EdF85aC74B1226fa8F019B86299d
1,SoundAI,SAI,9,0xc48758C81b8013Ade9D10a730D3f974A2B4Aa25e
1,Wool Pouch,WPOUCH,0,0xb76FBBB30e31F2c3BDaA2466CfB1CfE39b220D06
1,Attic Credit Token,ACT,18,0x2fbfbcd4EE513f19ACc11d118A8C6ac79a3DbA68
1,Gamma,GAMMA,18,0x6BeA7CFEF803D1e3d5f7C0103f7ded065644e197
1,Spiral,SPIRAL,9,0x01792e1548Dc317bDE6123fe92da1Fe6d7311C3c
1,Yearn Meme Finance,yMEME,18,0x3C3207B84Fc14c2F362a09cDF38B13e5D8dcb96C
1,Katana Inu,KATA,18,0x2e85ae1C47602f7927bCabc2Ff99C40aA222aE15
1,API3,API3,18,0x0b38210ea11411557c13457D4dA7dC6ea731B88a
1,Ethereum Gold,ETHG,18,0x8813F5bcbE6C7071D8BD32D2A4f07599bB5797b0
1,Pirate,PIRATE,0,0x31fe9d95ddE43cf9893b76160F63521a9e3D26B0
1,GroveC,GRV,8,0xF33893DE6eB6aE9A67442E066aE9aBd228f5290c
1,vitalik.eth,vitalik.eth,18,0xf475E5dcCD918108ec7C1F843C7245904B453318
1,Marutaro,MARU,9,0xC2456D2118299a2efDFE6522Ff79aA48fC5d2b00
1,Symbiosis,SIS,18,0xd38BB40815d2B0c2d2c866e0c72c5728ffC76dd9
1,The Rug Game,TRG,18,0x93eEB426782BD88fCD4B48D7b0368CF061044928
1,dHedge DAO Token,DHT,18,0xca1207647Ff814039530D7d35df0e1Dd2e91Fa84
1,wstETH-rETH-sfrxETH StablePool,wstETH-rETH-sfrxETH-BPT,18,0x5aEe1e99fE86960377DE9f88689616916D5DcaBe
1,Stone,0NE,18,0x73A83269b9bbAFC427E76Be0A2C1a1db2a26f4C2
1,Levex,LVX,18,0xe7A5e1BD04976d76Fe5fae87ac688652Fdc71BBd
1,⭐️BUSHIDO Code⭐️,BUSHIDO,0,0xA1F6f29Af11d4BE89E604BF3f1BA96582A4Fa6de
1,Cigarette Token,CIG,18,0xCB56b52316041A62B6b5D0583DcE4A8AE7a3C629
1,Lands of Mythesda,LOM,0,0xFd83de405618A5c3Ff9939779c17ff680240D0A8
1,Shibnobi,SHINJA,9,0x7DAc25b1A665e1c70F25F1fC37d88C99274984ed
1,Dopex Rebate Token,rDPX,18,0x0ff5A8451A839f5F0BB3562689D9A44089738D11
1,Marimo,MRM,0,0xA35aa193f94A90eca0AE2a3fB5616E53C1F35193
1,Ape Invaders,AI,0,0x3eD7DFaCA773b90dA1bc3Fa8b04656c917D33AFb
1,CheckDot,CDT,18,0xCdB37A4fBC2Da5b78aA4E41a432792f9533e85Cc
1,JOMOHippo,JOMO,0,0x402E3b3fC208E62CEa60f00712FD1A1AF81f089D
1,Yearn CRV,yCRV,18,0xFCc5c47bE19d06BF83eB04298b026F81069ff65b
1,Veritaseum,VERI,18,0x8f3470A7388c05eE4e7AF3d01D8C722b0FF52374
1,Rocket Pool,RPL,18,0xB4EFd85c19999D84251304bDA99E90B92300Bd93
1,Charged Particles - IONX,IONX,18,0x02D3A27Ac3f55d5D91Fb0f52759842696a864217
1,ZeroSwapToken,ZEE,18,0x2eDf094dB69d6Dcd487f1B3dB9febE2eeC0dd4c5
1,Kylin Network,KYL,18,0x67B6D479c7bB412C54e03dCA8E1Bc6740ce6b99C
1,SwftCoin,SWFTC,8,0x0bb217E40F8a5Cb79Adf04E1aAb60E5abd0dfC1e
1,MATRIX AI Network,MAN,18,0xe25bCec5D3801cE3a794079BF94adF1B8cCD802D
1,Ribbon,RBN,18,0x6123B0049F904d730dB3C36a31167D9d4121fA6B
1,Humans Care Foundation: Childhood,HCFC,18,0x59fc0F9626e872bc89c71bAe90f40021F5A211A8
1,Across Protocol Token,ACX,18,0x44108f0223A3C3028F5Fe7AEC7f9bb2E66beF82F
1,Okage Inu,OKAGE,18,0x8dfc8cc3201425669FaE803e1eB125cddd4189eC
1,HOPR Token,HOPR,18,0xF5581dFeFD8Fb0e4aeC526bE659CFaB1f8c781dA
1,Land,LAND,0,0x2C88aA0956bC9813505d73575f653F69ADa60923
1,Psychedelics Anonymous Genesis,PA,0,0x75E95ba5997Eb235F40eCF8347cDb11F18ff640B
1,FOX,FOX,18,0xc770EEfAd204B5180dF6a14Ee197D99d808ee52d
1,Uniswap V2,UNI-V2,18,0x4d29e9D8e7b96BAcdFE6d19c53C3df3fF425cBf7
1,tBone Staked Bone ShibaSwap,tBONE,18,0xf7A0383750feF5AbaCe57cc4C9ff98e3790202b3
1,StakeWise Staked ETH2,sETH2,18,0xFe2e637202056d30016725477c5da089Ab0A043A
1,GamerCoin,GHX,18,0x728f30fa2f100742C7949D1961804FA8E0B1387d
1,MosquitoFamily,MOS,0,0x672664CcAd533401066EBB70361C93C4ca567de0
1,WAX Economic Token,WAXE,8,0x7a2Bc711E19ba6aff6cE8246C546E8c4B4944DFD
1,X2E_VILLAINS,X2EV,0,0x27B894aDc3A8A46c2051ABd792E8E551D9670765
1,Orion Protocol,ORN,8,0x0258F474786DdFd37ABCE6df6BBb1Dd5dfC4434a
1,ERC721,ERC721,0,0xad60c0480437712cEfA682B72456bCfeFbDa2409
1,DasPepe,DPP,0,0x94D8e532B7e990E356210B4b2D7158b3a8A138Bc
1,Fear NFTs,FEAR,18,0x88A9A52F944315D5B4e917b9689e65445C401E83
1,FARM Reward Token,FARM,18,0xa0246c9032bC3A600820415aE600c6388619A14D
1,Mullet Punks,MULLET,0,0xAF3f904e36Ea265B640f91990EA28d2c8e4Aa04D
1,Cult Of ETH,CULTETH,0,0x2105364590eA44DbeBC9Cb03CEC272e6ACaD5DC1
1,RektSkulls,REKT,18,0x8a7664E782860E856031D6c31EB3bde721Bc362b
1,One Hundred Million Inu,OHMI,18,0x4159862bcF6B4393A80550b1ed03DFfa6f90533C
1,DeRace Token,DERC,18,0x9fa69536d1cda4A04cFB50688294de75B505a9aE
1,Distortion Ordinal Claim Pass,DSTOCP,0,0x71ac0BD96517F5469159745201702aB9227609E5
1,Adventurers,Adventurers,0,0xEE70b8439AEcfEA10411C7B6Ba420D0ea240B8F1
1,Fractal Istanbul - GOLDEN HORN,GH,0,0xE3927692BC1D9901CC86264DAEA80B9d6294401B
1,Dogens,DOGENS,9,0x1b4dD5eA240732dDAc8d74FD1Cd9026Addc02e3c
1,SocialAI,sAI,18,0x8ca5Bb317f73Fcd8A9F7d122C14B9a1F87688230
1,HUMANS,HEART,18,0x8FAc8031e079F409135766C7d5De29cf22EF897C
1,FrenshipToken,Frenship,0,0x1f5C8F58d92854a50Ce505CF5A52616B12BDa01E
1,Acquire.Fi,ACQ,18,0x4BDCb66B968060D9390C1D12bd29734496205581
1,Yield Guild Games Token,YGG,18,0x25f8087EAD173b73D6e8B84329989A8eEA16CF73
1,SPOODEEMOON,SPDM,0,0x973E7cF876932fA820139287244b66e21B9030Bc
1,Route,ROUTE,18,0x16ECCfDbb4eE1A85A33f3A9B21175Cd7Ae753dB4
1,MGLand Spaceships,MGSP,0,0x7B25aA2a1D75E20291B23D9D40a8826be87150a0
1,Magic AI,MAGIC,9,0x2f25eA915811f23Be33e0910a2dc8Ff43E4Ce14A
1,Operating System,OS,18,0x21FfE03cAA6355CF1ca47B898921d2f70e85e423
1,Space Riders,SPR,0,0xC9d198089D6c31d0Ca5Cc5B92C97a57A97BBfdE2
1,Supreme Kong 2,SPK2,0,0x54Fec6309b53A31e65593f196b4c58f7A704A361
1,NounsBR,NOUNBR,0,0x36b2AA1795d8cdEf4B784Fe34045fAdC45d61e8c
1,Black Box Transfers,BBTT,9,0x92a8771C925ec0812325546075be51e76d2f7123
1,XY Oracle,XYO,18,0x55296f69f40Ea6d20E478533C15A6B08B654E758
1,Curve.fi Factory Crypto Pool: Curve GEAR/ETH,crvGEARETH-f,18,0x5Be6C45e2d074fAa20700C49aDA3E88a1cc0025d
1,Voyager Token,VGX,8,0x3C4B6E6e1eA3D4863700D7F76b36B7f3D3f13E3d
1,Mortimarrows,MORTI,0,0x77b7D9a6513Bfb1679C778B257C198f44a78Fa69
1,World Of Women,WOW,0,0xe785E82358879F061BC3dcAC6f0444462D4b5330
1,Inuminati,Numi,18,0x8F1E1D58bCD9bd04fD902b6C781e9487117Bd5ca
1,Mecha Pilots Apes 2.0,MPA,0,0x5A4b8873D2D93Ed57Fb3298Cb5E0DeA7457eD1Cb
1,Egg,Egg,0,0x6c410cF0B8c113Dc6A7641b431390B11d5515082
1,PANDO,PANDO,18,0x252b9F56359901a0BDE52d0675b1f1130d86F471
1,Invisible Friends,INVSBLE,0,0x59468516a8259058baD1cA5F8f4BFF190d30E066
1,SpaceWorm,$WORM,18,0xF7Ecb2E5ddaD17506E62F51A442f725a26053fb2
1,Flower Lolita Collections,FLOWERLOLI,0,0x81D8e220A6240D1B6Dc42d13eD7e0316aa89f265
1,Pepetta,PEPETTA,18,0x010cCC32729fe9b6A01065feFaD7C12DdCeFE028
1,Gold Retriever,GLDN,18,0xFeeB4D0f5463B1b04351823C246bdB84c4320CC2
1,Shibaverse,VERSE,18,0x7aE0d42f23C33338dE15bFa89C7405c068d9dC0a
1,Eien,EIEN,0,0x70ED66a46d14fb9Ed8B9222e5aE02589dF2b4427
1,PREMINT Collector,PREMINTCOLL,0,0xe0176bA60efddb29Cac5b15338C9962dAee9de0c
1,Night Owls,OWLS,0,0xAC9DB91e958D418bF83781EcadF0431601c48193
1,AMATERASU OMIKAMI,OMIKAMI,9,0x9e18d5BAB2FA94a6A95F509Ecb38F8F68322AbD3
1,HAPI,HAPI,18,0xD9c2D319Cd7e6177336b0a9c93c21cb48d84Fb54
1,COBI,COBI,0,0x329fa32F6520FB67Bb3C1fc3a6909BEb8239544c
1,Uniswap V2,UNI-V2,18,0x11FA2Aac28F4E84b2e5B9907580Dbf44A1975912
1,Silk,SILK,8,0xB045f7f363fE4949954811b113bd56d208c67B23
1,Verse,VERSE,18,0x249cA82617eC3DfB2589c4c17ab7EC9765350a18
1,KHUGA,KHUGA,0,0xf4768ee87bD5E6A84C3bd4ae6cC9C3F4305Bf376
1,Dmitry Buterin,DB,18,0xA2C6e4beAa048FaeA81F3B7A3ADcfaAE211E0831
1,PANCAKE GAMES,GCAKE,18,0x5f944B0c4315Cb7c3a846b025AB4045da44abf6c
1,Candy Collective: Genesis Collection,CANDY,0,0xAbE9D0e4Ad08e605D57a0c10f9D13e0E7283Ea50
1,Monsuta,Monsuta,0,0x0C45C9DA96313b95d5ffd8Dfec1f8B4C2E47AbCA
1,Bean,BEAN,6,0xBEA0000029AD1c77D3d5D23Ba2D8893dB9d1Efab
1,Communis,COM,12,0x5A9780Bfe63f3ec57f01b087cD65BD656C9034A8
1,Knoxstertoken,FKX,18,0x16484d73Ac08d2355F466d448D2b79D2039F6EBB
1,PartyDegenerates,PARTY,0,0x4BE3223f8708Ca6b30D1E8b8926cF281EC83E770
1,Kubz,Kubz,0,0xEb2dFC54EbaFcA8F50eFcc1e21A9D100b5AEb349
1,SuperRare,SUPR,0,0xb932a70A57673d89f4acfFBE830E8ed7f75Fb9e0
1,BSKR - pulselorian.com,BSKR,18,0x765af00f9278Ab696E815ffA2d0529CdeBD4E10A
1,LABS Group,LABS,18,0x8b0E42F366bA502d787BB134478aDfAE966C8798
1,THREEFACE,3FACE,0,0xd20969460645Add745f3F490d0f7AeE1Be60b741
1,Banana,BANANA,18,0x94e496474F1725f1c1824cB5BDb92d7691A4F03a
1,Mute.io,MUTE,18,0xA49d7499271aE71cd8aB9Ac515e6694C755d400c
1,Seele Token,Seele,18,0xB1e93236ab6073fdAC58adA5564897177D4bcC43
1,moSOLID: Tokenized veSOLID,moSOLID,18,0x848578e351D25B6Ec0d486E42677891521c3d743
1,ARC,ARC,18,0xC82E3dB60A52CF7529253b4eC688f631aad9e7c2
1,Kult Dolce Royals,KDROY,0,0xAAcC51327ad63E22a63D8E1b2187716182D56dad
1,Morpheus Infrastructure Token,MITx,18,0x4a527d8fc13C5203AB24BA0944F4Cb14658D1Db6
1,10K World Cup,10K World Cup,0,0x4C69dBc3a2Aa3476c3F7a1227ab70950DB1F4858
1,Bubble Bots Genesis,BGG,0,0xEd02082BD33bE0d2953D1430a130c5Ea9b17F871
1,Saddle DAO,SDL,18,0xf1Dc500FdE233A4055e25e5BbF516372BC4F6871
1,HuobiToken,HT,18,0x6f259637dcD74C767781E37Bc6133cd6A68aa161
1,Cool Cats Fractures,CCFrac,0,0xFfc6dbFF68A8e92a7984e474f7B7A9856945E0Fb
1,Euler Debt: USD Coin,dUSDC,6,0x84721A3dB22EB852233AEAE74f9bC8477F8bcc42
1,Escrowed Merit Circle,EMC,18,0xfEEA44bc2161F2Fe11D55E557ae4Ec855e2D1168
1,KILLABEARS,KILLABEARS,0,0xc99c679C50033Bbc5321EB88752E89a93e9e83C5
1,Streamr,DATA,18,0x8f693ca8D21b157107184d29D398A8D082b38b76
1,9 Octo Party,9 Octo Party,0,0xB698C8A0ce059b8ea9D79BCb7565785e14B2b2F5
1,Kaaba,MECCA,18,0x13fb07d212a439936A0011ba02c7959883331D87
1,Standard,STND,18,0x9040e237C3bF18347bb00957Dc22167D0f2b999d
1,MOIPlay,XMP,18,0xDD0Db92E285Ef071f60248163c3097B805E0C158
1,Mutant Hounds,MH,0,0x354634c4621cDfb7a25E6486cCA1E019777D841B
1,Paladin Token,PAL,18,0xAB846Fb6C81370327e784Ae7CbB6d6a6af6Ff4BF
1,Citizens of Bulliever Island,BULL,18,0x5824e2d508dA5055C12046B0155cFd83d4b106f9
1,OpenAI,OPENAI,9,0x6A6AA13393B7d1100c00a57c76c39e8B6C835041
1,Frax Price Index Share,FPIS,18,0xc2544A32872A91F4A553b404C6950e89De901fdb
1,ControlNet Apes,CNA,0,0x0d6D6e695b06e1A9439C3479597A9e8af016Dec4
1,Muse,MUSE,18,0xB6Ca7399B4F9CA56FC27cBfF44F4d2e4Eef1fc81
1,Flute,FLUT,11,0x4F08705FB8F33AffC231ed66e626B40E84A71870
1,Open Editions by Chuck Bergeron,OOBCB,0,0x9aF7B3cfCa8a0d0feD9A8C9b77f6088cB1bbF791
1,The Doge NFT,DOG,18,0xBAac2B4491727D78D2b78815144570b9f2Fe8899
1,McLennyFace,MC( ͡° ͜ʖ ͡°),18,0xace3186efA9Ba788222b5d5DB315d2F0f96B3aaa
1,O3-Peg USD Coin,pUSDC,18,0xd60929C3A153dDfee363c957490a305b1122E0d9
1,9 Octo Party,9 Octo Party,0,0x839BC2011a3BA917929805D010A4E838D7449Da9
1,Hoodenza,HDN,0,0x2CD9f7549D9c71Ff351Cb4FfB6fD610271866569
1,Hoard,HRD,9,0x461B71cff4d4334BbA09489acE4b5Dc1A1813445
1,Aergo,AERGO,18,0x91Af0fBB28ABA7E31403Cb457106Ce79397FD4E6
1,KILLABITS,KILLABITS,0,0x64a1C0937728d8d2fA8Cd81Ef61a9c860B7362Db
1,ALPACADABRAZ 3D,PACA 3D,0,0xe39Fb076bd6Be0bbf400db0dfaD28104fDc5FF46
1,TornadoCash,TORN,18,0x77777FeDdddFfC19Ff86DB637967013e6C6A116C
1,Convex FXS,cvxFXS,18,0xFEEf77d3f69374f66429C91d732A244f074bdf74
1,Wait,WAIT,0,0xb5588C411ba0bb7D38865fdC51D082d004e519F7
1,POW ETH-1.8W/M,pETH18C,18,0xA15690E9205De386Ce849889831C1668c300C1ad
1,Goons of Balatroon,GOB,18,0xd6929179D752d5D25c5efe2d9729eb77D7138A80
1,BitgetToken,BGB,18,0x19de6b897Ed14A376Dda0Fe53a5420D2aC828a28
1,ShibaSwap LP Token,SSLP,18,0xEFb47fcFCaD4F96c83D4ca676842fB03Ef20a477
1,Lenny Face,( ͡° ͜ʖ ͡°),18,0xDadb4aE5B5D3099Dd1f586f990B845F2404A1c4c
1,Flux,FLUX,8,0x720CD16b011b987Da3518fbf38c3071d4F0D1495
1,Wrapped SOL,SOL,9,0xD31a59c85aE9D8edEFeC411D448f90841571b89c
1,PixieBumz,BUMZ,0,0x705C59D470cB86D55784090596C1831B903daFc7
1,Unipilot,PILOT,18,0x37C997B35C619C21323F3518B9357914E8B99525
1,Daruma,Daruma,9,0xA888D9616C2222788fa19f05F77221A290eEf704
1,Ethereum Push Notification Service,PUSH,18,0xf418588522d5dd018b425E472991E52EBBeEEEEE
1,Bitcoin,BC,9,0xe03B2642A5111aD0EFc0cbCe766498c2dd562Ae9
1,MegaKongs,KONGS,0,0x0D7cbFa90a214fc0D8EA692779626fC3dfEbBE08
1,Smooth Love Potion,SLP,0,0xCC8Fa225D80b9c7D42F96e9570156c65D6cAAa25
1,RiseTools,RT,18,0x7Dc656015034166dd392467B7BF9350a7A2e441a
1,Strips Token,STRP,18,0x97872EAfd79940C7b24f7BCc1EADb1457347ADc9
1,Zer0 Name Service,ZNS,0,0x51bd5948CF84a1041d2720F56DEd5e173396FC95
1,World Of Women Galaxy,WOWG,0,0xf61F24c2d93bF2dE187546B14425BF631F28d6dC
1,EpiK Protocol,ERC20-EPK,18,0xDaF88906aC1DE12bA2b1D2f7bfC94E9638Ac40c4
1,Pickle Point,NYBPP,0,0xc569c38373A66cEAd87d927Bc6478f58f2DE883D
1,mcgoblintownwtf,MCGOBLIN,0,0xc5B52253f5225835cc81C52cdb3d6A22bc3B0c93
1,AI STUPIDITY BOT,ASB,9,0x4f391dA63c4DB72861e6eaFb1EAEb30e45D6DAFe
1,Hand of Midas,MIDAS,18,0x7b26F8c27da4b273BCaaE9570C4C5aDa16c1a1E4
1,MultiPlanetary Inus,INUS,18,0x39207D2E2fEEF178FBdA8083914554C59D9f8c00
1,0xAI Genesis,0XAI,0,0xaD0Ce331f2Cd0ffe5fD7606697B49286B4561bFe
1,Crab Strategy v2,Crabv2,18,0x3B960E47784150F5a63777201ee2B15253D713e8
1,CF EchoStone,ECHOSTONE,0,0x5e1a29c0fFc4bF6a5D725727ef6Ad4C506ae57a4
1,AlphaSharks,ALPHASHARKS,0,0x78a5E2B8c280FA5580fBE1e1ed546183f959d305
1,Wrapped Gen 0,WG0,18,0xa10740ff9FF6852eac84cdcfF9184e1D6d27C057
1,DOTs,DOTS,0,0xD07597b64B4878AdD0965bb1727247Ced90C6Ce8
1,Curve.fi steCRV Gauge Deposit,steCRV-gauge,18,0x182B723a58739a9c974cFDB385ceaDb237453c28
1,Boba Token,BOBA,18,0x42bBFa2e77757C645eeaAd1655E0911a7553Efbc
1,Shido Inu,SHIDO,9,0x173E552Bf97BBD50b455514ac52991Ef639ba703
1,DotOracle,DTO,18,0xB57420FaD6731B004309D5a0ec7C6C906Adb8df7
1,Aura BAL,auraBAL,18,0x616e8BfA43F920657B3497DBf40D6b1A02D4608d
1,1BTCFP,1BTCFP,0,0x4F1D6FEC3C7c7eE21F90364699745df3f4db5478
1,Uniswap V2,UNI-V2,18,0x5c24B84701916D968DcC7bdD6a4c5236BEd460b9
1,SHIELD,Dejitaru Shirudo,18,0xcf4C68Db4C2FA0bf58dF07B14f45cE7709a716AC
1,MAM Share Token,MAM,18,0xc3695500e651f11E436d4e6C71FF68a2801CADeB
1,PolkaBridge,PBR,18,0x298d492e8c1d909D3F63Bc4A36C66c64ACB3d695
1,BLOCKv Token,VEE,18,0x340D2bdE5Eb28c1eed91B2f790723E3B160613B7
1,parallel,LL,0,0x76BE3b62873462d2142405439777e971754E8E77
1,illapeit,iai,0,0x9E4530eec13979889D5082795c2bc6eC3032278F
1,e-1.,e-1-ex-co-tro.,0,0x9b0db519b4A9503B91c0712999b2545Eabb941D9
1,Bluzelle Token,BLZ,18,0x5732046A883704404F284Ce41FfADd5b007FD668
1,COOLDOGS,COOLDOGS,0,0x56681458E00CafE1206313D2D033946f458FDEfD
1,Fetch,FET,18,0xaea46A60368A7bD060eec7DF8CBa43b7EF41Ad85
1,Checks - Genuine Undead Edition,GUECKS,0,0x77564dfD4dFceFc0A80E92De8d75604944c98c89
1,Kyber Network Crystal v2,KNC,18,0xdeFA4e8a7bcBA345F687a2f1456F5Edd9CE97202
1,0x Protocol Token,ZRX,18,0xE41d2489571d322189246DaFA5ebDe1F4699F498
1,Silks - Sky Falls,,0,0x6eCe2E550D7848c40C26A0E704b7a19D1f8dbcF0
1,LUKSO Token,LYXe,18,0xA8b919680258d369114910511cc87595aec0be6D
1,dYdX,DYDX,18,0x92D6C1e31e14520e676a687F0a93788B716BEff5
1,Silks - Land,LAND,0,0x6F0a32dC32230BB7ea2CCa432Ae00aFB7922582D
1,Spell Token,SPELL,18,0x090185f2135308BaD17527004364eBcC2D37e5F6
1,Ordinal Shiba,oSHIB,18,0x59081a616D3fC483Ba3B80613BD6fA356222e9bC
1,Read2N WL-Box Mooar Pro,R2N,0,0x46209527A729364b5dfbe956646eE763a596FE16
1,DEAPCOIN,DEP,18,0x1A3496C18d558bd9C6C8f609E1B129f67AB08163
1,Venice Coin,VENICE,18,0xf6D4fBc3B86811df25d829A14daE0269a3EE5462
1,VERA,VRA,18,0xF411903cbC70a74d22900a5DE66A2dda66507255
1,A Hunters Dream,CAW,18,0xf3b9569F82B18aEf890De263B84189bd33EBe452
1,BONE SHIBASWAP,BONE,18,0x9813037ee2218799597d83D4a5B6F3b6778218d9
1,dis group,DG,6,0xbf894CA5d2d444307660d0A9ff2638eA046CffC9
1,SketchCoin,SKET,18,0x4EE54bEA7966Bf21bEC4fD96816a95A3610f2e45
ChainId,Name,Symbol,Decimals,TokenAddress
1,AppliedPrimate Allegiance Pass,ALLEGIANCE,0,0xC108a114C966f137eDE828DFf0960d8B321F6DDb
1,Wrapped Ether,WETH,18,0xC02aaA39b223FE8D0A0e5C4F27eAD9083C756Cc2
1,Tether USD,USDT,6,0xdAC17F958D2ee523a2206206994597C13D831ec7
1,USD Coin,USDC,6,0xA0b86991c6218b36c1d19D4a2e9Eb0cE3606eB48
1,Crowd,Crowd,0,0xaA7200ee500dE2dcde75E996De83CBD73BCa9705
1,Blur Pool,,18,0x0000000000A39bb272e79075ade125fd351887Ac
1,Blockchain Mail,BMAIL,9,0x1130962a82B252A2cB416D5E4fa7DF4e8c537C25
1,SHIBA INU,SHIB,18,0x95aD61b0a150d79219dCF64E1E6Cc01f0B64C4cE
1,Sport Head Originals Team,SHOT,0,0xceF30cFD37a95F3016ae8f5881b3Ef41fE2520aF
1,Shibarium Hub,SHUB,18,0x43289573aE5cf7aBF28AB31d85A3E1669685A863
1,PAWSWAP,PAW,18,0xDc63269eA166b70d4780b3A11F5C825C2b761B01
1,Ordinal Kubz,OK,0,0xD11829E41dFC7596Ab206dc5Fb5599B603314F5f
1,Ordinal Tsuka,oTsuka,18,0xd530A41214f3C5363Afc2db1895999fE56fb9B54
1,Shibarium Trending,HOWL,8,0xD051a110B5c6572C08D88b4B06621fec8789fB36
1,Shibarium Crypt,SCRYPT,8,0xc6587cD5EeB1953312C28B3a186c9F494babeb9c
1,XMON,XMON,18,0x3aaDA3e213aBf8529606924d8D1c55CbDc70Bf74
1,Nexo,NEXO,18,0xB62132e35a6c13ee1EE0f84dC5d40bad8d815206
1,Matic Token,MATIC,18,0x7D1AfA7B718fb893dB30A3aBc0Cfc608AaCfeBB0
1,Blur,BLUR,18,0x5283D291DBCF85356A21bA090E6db59121208b44
1,Moonrunners,MOONR,0,0x1485297e942ce64E0870EcE60179dFda34b4C625
1,Qrolli,QR,9,0xCcDb064a41AFcD432BCEa6F6d0D1E7c371d0B002
1,ChainLink Token,LINK,18,0x514910771AF9Ca656af840dff83E8264EcF986CA
1,Shinarium,SHINARIUM,18,0xE68fb107710C59154eA15D5E0221d37bcdA5C1Fc
1,Ordinal Shiba,oSHIB,18,0x59081a616D3fC483Ba3B80613BD6fA356222e9bC
1,Ordinal Doge,oDOGE,18,0x796a4503b444A71b331c9556bEF0815237ddEaBC
1,Gala,GALA,8,0x15D4c048F83bd7e37d49eA4C83a07267Ec4203dA
1,0chain,ZCN,10,0xb9EF770B6A5e12E45983C5D80545258aA38F3B78
1,Shibarium Pad,$SHIBP,18,0xC90906d45046059221e908de5Cc8fcfaCA859235
1,DAO Maker,DAO,18,0x0f51bb10119727a7e5eA3538074fb341F56B09Ad
1,Ordinal Punk,oPUNK,9,0x81d2F208A6cE409AEA3AAd207C37b0fe237b8217
1,SAND,SAND,18,0x3845badAde8e6dFF049820680d1F14bD3903a5d0
1,FOREVER SHIBA,4SHIBA,18,0xB04bf60E468743418E87291d7c9301a5299d984d
1,Prime,PRIME,18,0xb23d80f5FefcDDaa212212F028021B41DEd428CF
1,Dogelon,ELON,18,0x761D38e5ddf6ccf6Cf7c55759d5210750B5D60F3
1,Shibarium Sniper,SCOPE,8,0x5A98d3eA37d70bc64407Af0971D1535Ed4D67F4e
1,Quant,QNT,18,0x4a220E6096B25EADb88358cb44068A3248254675
1,Inverse DAO,INV,18,0x41D5D79431A913C4aE7d69a668ecdfE5fF9DFB68
1,Wally,Wally,18,0x0e2CCdA24C2A1E91947A254516357bb631a0b84F
1,parallel,LL,0,0x76BE3b62873462d2142405439777e971754E8E77
1,ParallelLore,LLLR,0,0x5302A847E53c7b2ff4DaEa7559F82F02446BEE61
1,Curve DAO Token,CRV,18,0xD533a949740bb3306d119CC777fa900bA034cd52
1,Dai Stablecoin,DAI,18,0x6B175474E89094C44Da98b954EedeAC495271d0F
1,Rektguy,Rektguy,0,0xB852c6b5892256C264Cc2C888eA462189154D8d7
1,Uniswap,UNI,18,0x1f9840a85d5aF5bf1D1762F925BDADdC4201F984
1,KILLABEARS,KILLABEARS,0,0xc99c679C50033Bbc5321EB88752E89a93e9e83C5
1,Keepers V2,KPRV2,0,0x2d33Bfe1c867346543Ac245396DFc6c3EBc8534F
1,TrueUSD,TUSD,18,0x0000000000085d4780B73119b644AE5ecd22b376
1,Ordinal PawSwap,oPAW,18,0x6623CF5c54aEBd9FDC28042D1bE56280cBEA88f4
1,Aura,AURA,18,0xC0c293ce456fF0ED870ADd98a0828Dd4d2903DBF
1,DeFiApes,DEFIAPES,0,0x3C6FBc94288f5af5201085948DdB18aDED2E6879
1,,,0,0x57f1887a8BF19b14fC0dF6Fd9B2acc9Af147eA85
1,WoofWork.io,WOOF,18,0x6BC08509B36A98E829dFfAD49Fde5e412645d0a3
1,SUDO GOVERNANCE TOKEN,SUDO,18,0x3446Dd70B2D52A6Bf4a5a192D9b0A161295aB7F9
1,BONE SHIBASWAP,BONE,18,0x9813037ee2218799597d83D4a5B6F3b6778218d9
1,Wojakians,Wojakians,0,0x21416EFc90C7265E7550c7aE4bD63B15623908B6
1,tehBag,BAG,18,0x235C8EE913d93c68D2902a8e0b5a643755705726
1,CBSWAP.IO,COINS,18,0x591d707856D52C9E30714ef807302b76eF6094c3
1,Kennel,KENNEL,18,0x25d4e7fe624FcC6E7F0b52D142F40c9ACEcF039a
1,Fantom Token,FTM,18,0x4E15361FD6b4BB609Fa63C81A2be19d873717870
1,FLOKI,FLOKI,9,0xcf0C122c6b73ff809C693DB761e7BaeBe62b6a2E
1,Eggs,EGGS,18,0x2e516BA5Bf3b7eE47fb99B09eaDb60BDE80a82e0
1,Artificial Liquid Intelligence Token,ALI,18,0x6B0b3a982b4634aC68dD83a4DBF02311cE324181
1,XDEFI,XDEFI,18,0x72B886d09C117654aB7dA13A14d603001dE0B777
1,HEX,HEX,8,0x2b591e99afE9f32eAA6214f7B7629768c40Eeb39
1,Emblem Vault V4,Emblem.pro,0,0x82C7a8f707110f5FBb16184A5933E9F78a34c6ab
1,Formula Inu,FINU,18,0x2c022e58C5E3Ee213F06f975fd8a0d3a6fE9Ca1C
1,fanC Token,FANC,18,0xbB126042235E6bD38B17744cb31a8bF4A206c045
1,VERA,VRA,18,0xF411903cbC70a74d22900a5DE66A2dda66507255
1,Binance USD,BUSD,18,0x4Fabb145d64652a948d72533023f6E7A623C7C53
1,MXCToken,MXC,18,0x5Ca381bBfb58f0092df149bD3D243b08B9a8386e
1,Venify,VFY,18,0x00DD5Ad8F5d9c5118BcEeb526c55eA6b2C07e922
1,Gemini dollar,GUSD,2,0x056Fd409E1d7A124BD7017459dFEa2F387b6d5Cd
1,Hoichi 芳一,HOICHI,18,0xC4EE0aA2d993ca7C9263eCFa26c6f7e13009d2b6
1,OpenSea Shared Storefront,OPENSTORE,0,0x495f947276749Ce646f68AC8c248420045cb7b5e
1,Swipe Bot,SWIPE,8,0xacb47686b92fDde6D233EC6445c1f8d4d0d59C38
1,PROTOCOL ZERO,ZRO,18,0xd79F43113B22D1eA9F29cfcC7BB287489F8EE5e0
1,Convex Token,CVX,18,0x4e3FBD56CD56c3e72c1403e103b45Db9da5B9D2B
1,Kai Ken Inu,KAIK,18,0x8c5D66C9436633C5A993990D744EA2E0441B1586
1,ApeCoin,APE,18,0x4d224452801ACEd8B2F0aebE155379bb5D594381
1,SHIBTOOLS,SHIBT,18,0xa6188E2D0140503a8Bf0a90e9A60fc7aE20f342C
1,Shibarium Bridge,SHIBRG,9,0xC0507116B5da652F1E4bd752937e52519069946b
1,ShiBet,SBET,18,0x14C256e65300026b76247E45554Bb645c2c294fF
1,Audius,AUDIO,18,0x18aAA7115705e8be94bfFEBDE57Af9BFc265B998
1,A Hunters Dream,CAW,18,0xf3b9569F82B18aEf890De263B84189bd33EBe452
1,TXA,TXA,18,0x4463e6A3dEd0dBE3F6e15bC8420dFc55e5FeA830
1,PANDO,PANDO,18,0x252b9F56359901a0BDE52d0675b1f1130d86F471
1,Minato Chitoseame Candies,ミnaトo,0,0x9Fa14Cc6c1cce73EFA79fa202F74847eAb6630bC
1,Moonbirds Oddities,ODDITIES,0,0x1792a96E5668ad7C167ab804a100ce42395Ce54D
1,MegaPunksPOP,MP,0,0xf7479F9527c57167caff6386DAA588B7BF05727f
1,Cartesi Token,CTSI,18,0x491604c0FDF08347Dd1fa4Ee062a822A5DD06B5D
1,SewerPass,SEWER,0,0x764AeebcF425d56800eF2c84F2578689415a2DAa
1,Graph Token,GRT,18,0xc944E90C64B2c07662A292be6244BDf05Cda44a7
1,Teh Fund,FUND,18,0x7d8d7c26179b7A6aebbF66A91C38ED92d5B4996b
1,Compound,COMP,18,0xc00e94Cb662C3520282E6f5717214004A7f26888
1,Hegic,HEGIC,18,0x584bC13c7D411c00c01A62e8019472dE68768430
1,Phi,PHI,18,0xc33c8b4859baab263940143C79B9298818441B1f
1,Pantos Token,PAN,8,0x536381a8628dBcC8C70aC9A30A7258442eAb4c92
1,OMI Token,OMI,18,0xeD35af169aF46a02eE13b9d79Eb57d6D68C1749e
1,Prolificac,PFAC,0,0x1a96F987CA12C136b973ac6488c51d5F87a0D90A
1,Ocean Token,OCEAN,18,0x967da4048cD07aB37855c090aAF366e4ce1b9F48
1,AIWORK,AWO,18,0x68C85B9f78F30A0df5aC5723e4e700037f185415
1,Skybrook,SKBK,0,0xF8c0567cfF08Bf63736F7544B97a4A18c5C17F00
1,Base  Introduced,BASEINTRODUCED,0,0xD4307E0acD12CF46fD6cf93BC264f5D5D1598792
1,NuNet Utility Token,NTX,6,0xF0d33BeDa4d734C72684b5f9abBEbf715D0a7935
1,All I want is Unity,UNITY,18,0xED0172ed8942e37D9184174eedf107Db3C5A99Ba
1,SssT,SssT,0,0x9A4d0AF8304eDf652996385a07C5aD59f41eFD84
1,Wonky Stonks,WSTK,0,0x518bA36F1ca6DfE3Bb1B098B8dD0444030e79D9f
1,Marutaro,MARU,9,0xC2456D2118299a2efDFE6522Ff79aA48fC5d2b00
1,BAP APES,BAPAPES,0,0x7f29b85834d6A2ba4BB1c64325686C6057B1B3C5
1,HealingNFTs,HH,0,0xCd35E87056e742f8E9e580702CCe223f043c845e
1,A Girl Who Becomes *** in 100 Days,GWB,0,0xaB32A54570deE92AEF89D5cD5C114B2857B6a19E
1,Strong,STRONG,18,0x990f341946A3fdB507aE7e52d17851B87168017c
1,MarvelDoge,MADOG,18,0xb603dFCbb1AbE7b053bA3634d7E3192fbdBAD56B
1,VIVID,VIVID,0,0x497B54355043E7A0d06Bf5E3C20CeCf859FcC0A8
1,Shiba Origin,CHUBU,18,0x27A70228fcaF4501Cad7aA146Ed8DF73d0040981
1,THE OJUJU SAGA,OJUJU,0,0x4b0E84364d929f79082D81F5D188D1318F9cffE9
1,TrueFi,TRU,8,0x4C19596f5aAfF459fA38B0f7eD92F11AE6543784
1,Uniswap V3 Positions NFT-V1,UNI-V3-POS,0,0xC36442b4a4522E871399CD717aBDD847Ab11FE88
1,Immutable X,IMX,18,0xF57e7e7C23978C3cAEC3C3548E3D615c346e79fF
1,FewoWorld Paint,Paint,0,0x06911466341299D79E9E1368A016C73d009691cc
1,Ferrum Network Token,FRM,6,0xE5CAeF4Af8780E59Df925470b050Fb23C43CA68C
1,ThorGuards,THORGUARDS,0,0xA98b29A8F5A247802149C268ecf860b8308B7291
1,LCX,LCX,18,0x037A54AaB062628C9Bbae1FDB1583c195585fe41
1,Fetch,FET,18,0xaea46A60368A7bD060eec7DF8CBa43b7EF41Ad85
1,Dogechain Token,DC,18,0x7B4328c127B85369D9f82ca0503B000D09CF9180
1,,,0,0xc36cF0cFcb5d905B8B513860dB0CFE63F6Cf9F5c
1,PROOF Collective,PROOF,0,0x08D7C0242953446436F34b4C78Fe9da38c73668d
1,Enjinstarter,EJS,18,0x96610186F3ab8d73EBEe1CF950C750f3B1Fb79C2
1,YouAreTheChampion,YATC,0,0x00723C39194f7F449be736Da0d1C4ec809dDe793
1,HAPI,HAPI,18,0xD9c2D319Cd7e6177336b0a9c93c21cb48d84Fb54
1,KnightZ,KNGTZ,0,0x4Ef0a6538E1074b48DD3b85dea3e00B7A1Aa37B7
1,Orchid,OXT,18,0x4575f41308EC1483f3d399aa9a2826d74Da13Deb
1,,,18,0x9f8F72aA9304c8B593d555F12eF6589cC3A579A2
1,Gearbox,GEAR,18,0xBa3335588D9403515223F109EdC4eB7269a9Ab5D
1,Ethereum Name Service,ENS,18,0xC18360217D8F7Ab5e7c516566761Ea12Ce7F9D72
1,Bitcointry Token,BTTY,18,0x9cc83D580180f0d37d00e5d86ce868f73b6E3D0A
1,Agoras Token,AGRS,8,0x738865301A9b7Dd80Dc3666dD48cF034ec42bdDa
1,Quiet Place,QPL,0,0xB72635c9d3878761B77BBB06A28b3682045d664B
1,Balancer,BAL,18,0xba100000625a3754423978a60c9317c58a424e3D
1,GreenMetaverseToken,GMT,8,0xe3c408BD53c31C085a1746AF401A4042954ff740
1,Chubbiverse Frens,CHF,0,0x42f1654B8eeB80C96471451B1106b63D0B1a9fe1
1,THE TRUTH,UFO,18,0x249e38Ea4102D0cf8264d3701f1a0E39C4f2DC3B
1,Olympus,OHM,9,0x64aa3364F17a4D01c6f1751Fd97C2BD3D7e7f1D5
1,Cardstack,CARD,18,0x954b890704693af242613edEf1B603825afcD708
1,NetBlock,NTBC,18,0xba32921C72b68335dD0FEeC3721E6F559b3A747B
1,Rally,RLY,18,0xf1f955016EcbCd7321c7266BccFB96c68ea5E49b
1,yoGeek,GEEK,9,0x4b8B513686FF4A4164C92d2d9495f7E16a014327
1,LUNA,LUNA,6,0xbd31EA8212119f94A611FA969881CBa3EA06Fa3d
1,xShib Staked Shiba Inu,xSHIB,18,0xB4a81261b16b92af0B9F7C4a83f1E885132D81e4
1,Moonbirds,MOONBIRD,0,0x23581767a106ae21c074b2276D25e5C3e136a68b
1,USDT,USDT,18,0xD5757408143095D3bA1Cfc6cb080AE0fe0290eB7
1,@EthernityChain $ERN Token,ERN,18,0xBBc2AE13b23d715c30720F079fcd9B4a74093505
1,,,0,0x0bD72469B9dC72C833Dff9cA9Be2Eb032e603125
1,Uniswap V2,UNI-V2,18,0x97BE09f2523B39B835Da9EA3857CfA1D3C660cBb
1,DinoLFG,DINO,18,0x49642110B712C1FD7261Bc074105E9E44676c68F
1,Telcoin,TEL,2,0x467Bccd9d29f223BcE8043b84E8C8B282827790F
1,Liquid staked Ether 2.0,stETH,18,0xae7ab96520DE3A18E5e111B5EaAb095312D7fE84
1,Scapepe,SCAPE,0,0xBad2a94639df2f6DE78f7895AA2c31F3Da7586a7
1,Safe{Core}  Introduced,SAFECORE,0,0x16b2F56890583a38deF7BC3372e170ec369fB2cB
1,SushiSwap LP Token,SLP,18,0x4A86C01d67965f8cB3d0AAA2c655705E64097C31
1,Tether USDT,USDT,18,0x3cc58200f6F58f45b44d42A958D436572650B742
1,Binance Wrapped BTC,BBTC,8,0x9BE89D2a4cd102D8Fecc6BF9dA793be995C22541
1,Ankr Network,ANKR,18,0x8290333ceF9e6D528dD5618Fb97a76f268f3EDD4
1,Inu Inu,TWINU,18,0x3B6cfD5A1b35dB9882C2434D931226d6dD484ee1
1,SingularityNET Token,AGIX,8,0x5B7533812759B45C2B44C19e320ba2cD2681b542
1,REdacted,REDACTED,0,0x9B314EB1D00496aDfe3ad6Cd353D00E7C3BD63AC
1,SelfKey,KEY,18,0x4CC19356f2D37338b9802aa8E8fc58B0373296E7
1,FroyoKittens,FroyoKitten,0,0x22d4c35A4f2B229A928b1b569b2f60225976426A
1,Singularity Dao,SDAO,18,0x993864E43Caa7F7F12953AD6fEb1d1Ca635B875F
1,Multichain BTC,multiBTC,8,0x66eFF5221ca926636224650Fd3B9c497FF828F7D
1,Art Blocks,BLOCKS,0,0xa7d8d9ef8D8Ce8992Df33D8b8CF4Aebabd5bD270
1,BAP TRAITS,BAPTRAITS,0,0xee9e6146E635E5DA5C3885b2A641321C5A50Da7e
1,TOM,TOM,18,0xF7970499814654CD13Cb7B6E7634A12a7A8A9ABc
1,Emoji Checks,EC,0,0x78CE920B2972b1E5A90cb3B999Dc1b26753d2894
1,Shibarium Name Service,SNS,18,0xEa4a2327E75252517535fd013b7C6706609819DB
1,Abasho,ABASHO,0,0xE9C79B33C3A06f5Ae7369599F5a1e2FF886e17F0
1,Acclimated​MoonCats,😺,0,0xc3f733ca98E0daD0386979Eb96fb1722A1A05E69
1,DOGE KILLER,LEASH,18,0x27C70Cd1946795B66be9d954418546998b546634
1,Copium Wars Slayers,!SLAY,0,0x3853Ec5742DF47A6d7bAFEb19C4716a9eEdf8fC4
1,TribeOne,HAKA,18,0xD85AD783cc94bd04196a13DC042A3054a9B52210
1,Goerli ETH,GETH,18,0xdD69DB25F6D620A7baD3023c5d32761D353D3De9
1,nUSD,nUSD,18,0x1B84765dE8B7566e4cEAF4D0fD3c5aF52D3DdE4F
1,SIREN,SI,18,0xD23Ac27148aF6A2f339BD82D0e3CFF380b5093de
1,Cloudmachine,CLOUD,0,0x598061a4aC7Fa240aCC3E7025b4B047aDa178704
1,Aave Token,AAVE,18,0x7Fc66500c84A76Ad7e9c93437bFc5Ac33E2DDaE9
1,Gucci,GUCCI,0,0x572E33FFa523865791aB1C26B42a86aC244Df784
1,yearn.finance,YFI,18,0x0bc529c00C6401aEF6D220BE8C6Ea1667F6Ad93e
1,Sound of Fractures - 1st Year Anniversary,SOFYEAR1,0,0x6476B7FE5Aec17BbC267741fDfA2Bf5290CC8423
1,0N1 Force,0N1,0,0x3bf2922f4520a8BA0c2eFC3D2a1539678DaD5e9D
1,Nectar,NCT,18,0x9E46A38F5DaaBe8683E10793b06749EEF7D733d1
1,HEXGO NETWORK,HEXGO NETWORK,0,0xB3c7B1f310E2325B15B53c9fBA257D0330a2E315
1,Injective Token,INJ,18,0xe28b3B32B6c345A34Ff64674606124Dd5Aceca30
1,Otherdeed,OTHR,0,0x34d85c9CDeB23FA97cb08333b511ac86E1C4E258
1,RFTP COMMUNITY PASS,RFTPC,0,0xEEde8a43Ad0bAECFb7D8067fda2e8c966F06dE78
1,Lossless Token,LSS,18,0x3B9BE07d622aCcAEd78f479BC0EDabFd6397E320
1,ZeroSwapToken,ZEE,18,0x2eDf094dB69d6Dcd487f1B3dB9febE2eeC0dd4c5
1,NETVRK,NTVRK,18,0xFc0d6Cf33e38bcE7CA7D89c0E292274031b7157A
1,Terareum,TERA2,4,0x33909C9CE97Ce509daB3A038B3eC7ac3d1Be3231
1,PawZaar,PawZ,18,0x195D98EBB69dF0DcE2eEE2A790550Ed84cCA25cE
1,Tabenomics,NHA,0,0x7cF9fE4666Cb911F2e7376E70d964dEAf53Eb7c5
1,Matic Token,MATIC,18,0x7D1AfA7B718fb893dB30A3aBc0Cfc608AaCfeBB0
1,Goerli ETH,GETH,18,0xdD69DB25F6D620A7baD3023c5d32761D353D3De9
1,dYdX,DYDX,18,0x92D6C1e31e14520e676a687F0a93788B716BEff5
1,1INCH Token,1INCH,18,0x111111111117dC0aa78b770fA6A738034120C302
1,ApeCoin,APE,18,0x4d224452801ACEd8B2F0aebE155379bb5D594381
1,Dai Stablecoin,DAI,18,0x6B175474E89094C44Da98b954EedeAC495271d0F
1,Base  Introduced,BASEINTRODUCED,0,0xD4307E0acD12CF46fD6cf93BC264f5D5D1598792
1,Blur Pool,,18,0x0000000000A39bb272e79075ade125fd351887Ac
1,Consumer Price Index,CPI,18,0x8bb08042c06FA0Fc26cd2474C5F0C03a1056Ad2F
1,Artify,AFY,18,0xa41161AF8D4Ee421ba5fED4328F2B12034796A21
1,Dione,Dione,9,0x89B69F2d1adffA9A253d40840B6Baa7fC903D697
1,Gutter Clone,CLONE,0,0x41f20599e9e049004C4d169046eb7023117a6244
1,Chico Inu,CHICO,9,0x29142b6E61bFBeE6fDD2540Da98FbF997849883F
1,Ankr Network,ANKR,18,0x8290333ceF9e6D528dD5618Fb97a76f268f3EDD4
1,CODE:0,C0,0,0xBcC3912bB0FF5402d1C27Acdbcaf5BCAc664094b
1,Staking 1INCH v2,st1INCH,18,0x9A0C8Ff858d273f57072D714bca7411D717501D7
1,INX Token,INX,18,0xBBC7f7A6AADAc103769C66CBC69AB720f7F9Eae3
1,Jomon Shiba,JSHIBA,9,0x1426cC6D52D1B14e2B3b1Cb04d57ea42B39c4c7c
1,LQTY,LQTY,18,0x6DEA81C8171D0bA574754EF6F8b412F2Ed88c54D
1,Uniswap,UNI,18,0x1f9840a85d5aF5bf1D1762F925BDADdC4201F984
1,CircuitsOfValue,Coval,8,0x3D658390460295FB963f54dC0899cfb1c30776Df
1,Uniswap V3 Positions NFT-V1,UNI-V3-POS,0,0xC36442b4a4522E871399CD717aBDD847Ab11FE88
1,R Planet,RPlanet,0,0x656D34A8309363302e46De99853F4cef30B85A1D
1,Synapse,SYN,18,0x0f2D719407FdBeFF09D87557AbB7232601FD9F29
1,Lever,LEVER,18,0x4B5f49487ea7B3609b1aD05459BE420548789f1f
1,PrimeDragon,PrimeDragon,0,0x3B81f59B921eD8E037c4F12E631fb7c46D821138
1,BONE SHIBASWAP,BONE,18,0x9813037ee2218799597d83D4a5B6F3b6778218d9
1,CryptoBar P2P : Membership Pass,BARP2P,0,0x8294cE22ae538344F4546d13C07F40D0BB61cDD8
1,tBone Staked Bone ShibaSwap,tBONE,18,0xf7A0383750feF5AbaCe57cc4C9ff98e3790202b3
1,VERA,VRA,18,0xF411903cbC70a74d22900a5DE66A2dda66507255
1,Uniswap V2,UNI-V2,18,0x3041CbD36888bECc7bbCBc0045E3B1f144466f5f
1,MAX PAIN AND FRENS OPEN EDITION BY XCOPY,MAXPAINANDFRENSOPENEDITIONBYXCOPY,0,0xd1169e5349d1cB9941F3DCbA135C8A4b9eACFDDE
1,From Ryoshi,Ryoshi,9,0x8CFE28De0e0dC672840B2998B3Dd45B5E654dd52
1,...,dao,9,0x2105586C12F54f3b3691DeFf325Ecc2437c9f108
1,Immutable X,IMX,18,0xF57e7e7C23978C3cAEC3C3548E3D615c346e79fF